sku_id,product_id,colour_family,size,active_flag
SKU000001,PROD0001,Black,XS,True
SKU000002,PROD0001,Black,S,True
SKU000003,PROD0001,Black,M,True
SKU000004,PROD0001,Black,L,True
SKU000005,PROD0001,Black,XL,True
SKU000006,PROD0001,Brown,XS,True
SKU000007,PROD0001,Brown,S,True
SKU000008,PROD0001,Brown,M,True
SKU000009,PROD0001,Brown,L,True
SKU000010,PROD0001,Brown,XL,True
SKU000011,PROD0001,White,XS,True
SKU000012,PROD0001,White,S,True
SKU000013,PROD0001,White,M,True
SKU000014,PROD0001,White,L,True
SKU000015,PROD0001,White,XL,True
SKU000016,PROD0001,Navy,XS,True
SKU000017,PROD0001,Navy,S,True
SKU000018,PROD0001,Navy,M,True
SKU000019,PROD0001,Navy,L,True
SKU000020,PROD0001,Navy,XL,True
SKU000021,PROD0002,Navy,XS,True
SKU000022,PROD0002,Navy,S,True
SKU000023,PROD0002,Navy,M,True
SKU000024,PROD0002,Navy,L,True
SKU000025,PROD0002,Navy,XL,True
SKU000026,PROD0002,Grey,XS,True
SKU000027,PROD0002,Grey,S,True
SKU000028,PROD0002,Grey,M,True
SKU000029,PROD0002,Grey,L,True
SKU000030,PROD0002,Grey,XL,True
SKU000031,PROD0002,Red,XS,True
SKU000032,PROD0002,Red,S,True
SKU000033,PROD0002,Red,M,True
SKU000034,PROD0002,Red,L,True
SKU000035,PROD0002,Red,XL,True
SKU000036,PROD0002,Blue,XS,True
SKU000037,PROD0002,Blue,S,True
SKU000038,PROD0002,Blue,M,True
SKU000039,PROD0002,Blue,L,True
SKU000040,PROD0002,Blue,XL,True
SKU000041,PROD0003,Navy,XS,True
SKU000042,PROD0003,Navy,S,True
SKU000043,PROD0003,Navy,M,True
SKU000044,PROD0003,Navy,L,True
SKU000045,PROD0003,Navy,XL,True
SKU000046,PROD0003,Grey,XS,True
SKU000047,PROD0003,Grey,S,True
SKU000048,PROD0003,Grey,M,True
SKU000049,PROD0003,Grey,L,True
SKU000050,PROD0003,Grey,XL,True
SKU000051,PROD0003,Black,XS,True
SKU000052,PROD0003,Black,S,True
SKU000053,PROD0003,Black,M,True
SKU000054,PROD0003,Black,L,True
SKU000055,PROD0003,Black,XL,True
SKU000056,PROD0004,Red,XS,True
SKU000057,PROD0004,Red,S,True
SKU000058,PROD0004,Red,M,True
SKU000059,PROD0004,Red,L,True
SKU000060,PROD0004,Red,XL,True
SKU000061,PROD0004,Brown,XS,True
SKU000062,PROD0004,Brown,S,True
SKU000063,PROD0004,Brown,M,True
SKU000064,PROD0004,Brown,L,True
SKU000065,PROD0004,Brown,XL,True
SKU000066,PROD0004,White,XS,True
SKU000067,PROD0004,White,S,True
SKU000068,PROD0004,White,M,True
SKU000069,PROD0004,White,L,True
SKU000070,PROD0004,White,XL,True
SKU000071,PROD0005,Red,XS,True
SKU000072,PROD0005,Red,S,True
SKU000073,PROD0005,Red,M,True
SKU000074,PROD0005,Red,L,True
SKU000075,PROD0005,Red,XL,True
SKU000076,PROD0005,White,XS,True
SKU000077,PROD0005,White,S,True
SKU000078,PROD0005,White,M,True
SKU000079,PROD0005,White,L,True
SKU000080,PROD0005,White,XL,True
SKU000081,PROD0005,Orange,XS,True
SKU000082,PROD0005,Orange,S,True
SKU000083,PROD0005,Orange,M,True
SKU000084,PROD0005,Orange,L,True
SKU000085,PROD0005,Orange,XL,True
SKU000086,PROD0006,Black,XS,True
SKU000087,PROD0006,Black,S,True
SKU000088,PROD0006,Black,M,True
SKU000089,PROD0006,Black,L,True
SKU000090,PROD0006,Black,XL,True
SKU000091,PROD0006,Green,XS,True
SKU000092,PROD0006,Green,S,True
SKU000093,PROD0006,Green,M,True
SKU000094,PROD0006,Green,L,True
SKU000095,PROD0006,Green,XL,True
SKU000096,PROD0007,Navy,XS,True
SKU000097,PROD0007,Navy,S,True
SKU000098,PROD0007,Navy,M,True
SKU000099,PROD0007,Navy,L,True
SKU000100,PROD0007,Navy,XL,True
SKU000101,PROD0007,White,XS,True
SKU000102,PROD0007,White,S,True
SKU000103,PROD0007,White,M,True
SKU000104,PROD0007,White,L,True
SKU000105,PROD0007,White,XL,True
SKU000106,PROD0008,Grey,XS,True
SKU000107,PROD0008,Grey,S,True
SKU000108,PROD0008,Grey,M,True
SKU000109,PROD0008,Grey,L,True
SKU000110,PROD0008,Grey,XL,True
SKU000111,PROD0008,White,XS,True
SKU000112,PROD0008,White,S,True
SKU000113,PROD0008,White,M,True
SKU000114,PROD0008,White,L,True
SKU000115,PROD0008,White,XL,True
SKU000116,PROD0009,Navy,XS,True
SKU000117,PROD0009,Navy,S,True
SKU000118,PROD0009,Navy,M,True
SKU000119,PROD0009,Navy,L,True
SKU000120,PROD0009,Navy,XL,True
SKU000121,PROD0009,White,XS,True
SKU000122,PROD0009,White,S,True
SKU000123,PROD0009,White,M,True
SKU000124,PROD0009,White,L,True
SKU000125,PROD0009,White,XL,True
SKU000126,PROD0010,Grey,XS,True
SKU000127,PROD0010,Grey,S,True
SKU000128,PROD0010,Grey,M,True
SKU000129,PROD0010,Grey,L,True
SKU000130,PROD0010,Grey,XL,True
SKU000131,PROD0010,Black,XS,True
SKU000132,PROD0010,Black,S,True
SKU000133,PROD0010,Black,M,True
SKU000134,PROD0010,Black,L,True
SKU000135,PROD0010,Black,XL,True
SKU000136,PROD0010,Green,XS,True
SKU000137,PROD0010,Green,S,True
SKU000138,PROD0010,Green,M,True
SKU000139,PROD0010,Green,L,True
SKU000140,PROD0010,Green,XL,True
SKU000141,PROD0011,White,XS,True
SKU000142,PROD0011,White,S,True
SKU000143,PROD0011,White,M,True
SKU000144,PROD0011,White,L,True
SKU000145,PROD0011,White,XL,True
SKU000146,PROD0011,Black,XS,True
SKU000147,PROD0011,Black,S,True
SKU000148,PROD0011,Black,M,True
SKU000149,PROD0011,Black,L,True
SKU000150,PROD0011,Black,XL,True
SKU000151,PROD0012,Brown,XS,True
SKU000152,PROD0012,Brown,S,True
SKU000153,PROD0012,Brown,M,True
SKU000154,PROD0012,Brown,L,True
SKU000155,PROD0012,Brown,XL,True
SKU000156,PROD0012,Navy,XS,True
SKU000157,PROD0012,Navy,S,True
SKU000158,PROD0012,Navy,M,True
SKU000159,PROD0012,Navy,L,True
SKU000160,PROD0012,Navy,XL,True
SKU000161,PROD0012,Black,XS,True
SKU000162,PROD0012,Black,S,True
SKU000163,PROD0012,Black,M,True
SKU000164,PROD0012,Black,L,True
SKU000165,PROD0012,Black,XL,True
SKU000166,PROD0013,Grey,XS,True
SKU000167,PROD0013,Grey,S,True
SKU000168,PROD0013,Grey,M,True
SKU000169,PROD0013,Grey,L,True
SKU000170,PROD0013,Grey,XL,True
SKU000171,PROD0013,White,XS,True
SKU000172,PROD0013,White,S,True
SKU000173,PROD0013,White,M,True
SKU000174,PROD0013,White,L,True
SKU000175,PROD0013,White,XL,True
SKU000176,PROD0013,Black,XS,True
SKU000177,PROD0013,Black,S,True
SKU000178,PROD0013,Black,M,True
SKU000179,PROD0013,Black,L,True
SKU000180,PROD0013,Black,XL,True
SKU000181,PROD0014,Brown,XS,True
SKU000182,PROD0014,Brown,S,True
SKU000183,PROD0014,Brown,M,True
SKU000184,PROD0014,Brown,L,True
SKU000185,PROD0014,Brown,XL,True
SKU000186,PROD0014,Grey,XS,True
SKU000187,PROD0014,Grey,S,True
SKU000188,PROD0014,Grey,M,True
SKU000189,PROD0014,Grey,L,True
SKU000190,PROD0014,Grey,XL,True
SKU000191,PROD0015,Green,XS,True
SKU000192,PROD0015,Green,S,True
SKU000193,PROD0015,Green,M,True
SKU000194,PROD0015,Green,L,True
SKU000195,PROD0015,Green,XL,True
SKU000196,PROD0015,Brown,XS,True
SKU000197,PROD0015,Brown,S,True
SKU000198,PROD0015,Brown,M,True
SKU000199,PROD0015,Brown,L,True
SKU000200,PROD0015,Brown,XL,True
SKU000201,PROD0015,Navy,XS,True
SKU000202,PROD0015,Navy,S,True
SKU000203,PROD0015,Navy,M,True
SKU000204,PROD0015,Navy,L,True
SKU000205,PROD0015,Navy,XL,True
SKU000206,PROD0015,Black,XS,True
SKU000207,PROD0015,Black,S,True
SKU000208,PROD0015,Black,M,True
SKU000209,PROD0015,Black,L,True
SKU000210,PROD0015,Black,XL,True
SKU000211,PROD0016,Grey,XS,True
SKU000212,PROD0016,Grey,S,True
SKU000213,PROD0016,Grey,M,True
SKU000214,PROD0016,Grey,L,True
SKU000215,PROD0016,Grey,XL,True
SKU000216,PROD0016,White,XS,True
SKU000217,PROD0016,White,S,True
SKU000218,PROD0016,White,M,True
SKU000219,PROD0016,White,L,True
SKU000220,PROD0016,White,XL,True
SKU000221,PROD0017,Blue,XS,True
SKU000222,PROD0017,Blue,S,True
SKU000223,PROD0017,Blue,M,True
SKU000224,PROD0017,Blue,L,True
SKU000225,PROD0017,Blue,XL,True
SKU000226,PROD0017,Brown,XS,True
SKU000227,PROD0017,Brown,S,True
SKU000228,PROD0017,Brown,M,True
SKU000229,PROD0017,Brown,L,True
SKU000230,PROD0017,Brown,XL,True
SKU000231,PROD0017,Grey,XS,True
SKU000232,PROD0017,Grey,S,True
SKU000233,PROD0017,Grey,M,True
SKU000234,PROD0017,Grey,L,True
SKU000235,PROD0017,Grey,XL,True
SKU000236,PROD0017,Black,XS,True
SKU000237,PROD0017,Black,S,True
SKU000238,PROD0017,Black,M,True
SKU000239,PROD0017,Black,L,True
SKU000240,PROD0017,Black,XL,True
SKU000241,PROD0018,Blue,XS,True
SKU000242,PROD0018,Blue,S,True
SKU000243,PROD0018,Blue,M,True
SKU000244,PROD0018,Blue,L,True
SKU000245,PROD0018,Blue,XL,True
SKU000246,PROD0018,Beige,XS,True
SKU000247,PROD0018,Beige,S,True
SKU000248,PROD0018,Beige,M,True
SKU000249,PROD0018,Beige,L,True
SKU000250,PROD0018,Beige,XL,True
SKU000251,PROD0018,White,XS,True
SKU000252,PROD0018,White,S,True
SKU000253,PROD0018,White,M,True
SKU000254,PROD0018,White,L,True
SKU000255,PROD0018,White,XL,True
SKU000256,PROD0019,Beige,XS,True
SKU000257,PROD0019,Beige,S,True
SKU000258,PROD0019,Beige,M,True
SKU000259,PROD0019,Beige,L,True
SKU000260,PROD0019,Beige,XL,True
SKU000261,PROD0019,Grey,XS,True
SKU000262,PROD0019,Grey,S,True
SKU000263,PROD0019,Grey,M,True
SKU000264,PROD0019,Grey,L,True
SKU000265,PROD0019,Grey,XL,True
SKU000266,PROD0019,White,XS,True
SKU000267,PROD0019,White,S,True
SKU000268,PROD0019,White,M,True
SKU000269,PROD0019,White,L,True
SKU000270,PROD0019,White,XL,True
SKU000271,PROD0019,Blue,XS,True
SKU000272,PROD0019,Blue,S,True
SKU000273,PROD0019,Blue,M,True
SKU000274,PROD0019,Blue,L,True
SKU000275,PROD0019,Blue,XL,True
SKU000276,PROD0020,Brown,XS,True
SKU000277,PROD0020,Brown,S,True
SKU000278,PROD0020,Brown,M,True
SKU000279,PROD0020,Brown,L,True
SKU000280,PROD0020,Brown,XL,True
SKU000281,PROD0020,White,XS,True
SKU000282,PROD0020,White,S,True
SKU000283,PROD0020,White,M,True
SKU000284,PROD0020,White,L,True
SKU000285,PROD0020,White,XL,True
SKU000286,PROD0020,Beige,XS,True
SKU000287,PROD0020,Beige,S,True
SKU000288,PROD0020,Beige,M,True
SKU000289,PROD0020,Beige,L,True
SKU000290,PROD0020,Beige,XL,True
SKU000291,PROD0020,Green,XS,True
SKU000292,PROD0020,Green,S,True
SKU000293,PROD0020,Green,M,True
SKU000294,PROD0020,Green,L,True
SKU000295,PROD0020,Green,XL,True
SKU000296,PROD0021,Red,XS,True
SKU000297,PROD0021,Red,S,True
SKU000298,PROD0021,Red,M,True
SKU000299,PROD0021,Red,L,True
SKU000300,PROD0021,Red,XL,True
SKU000301,PROD0021,Navy,XS,True
SKU000302,PROD0021,Navy,S,True
SKU000303,PROD0021,Navy,M,True
SKU000304,PROD0021,Navy,L,True
SKU000305,PROD0021,Navy,XL,True
SKU000306,PROD0021,Beige,XS,True
SKU000307,PROD0021,Beige,S,True
SKU000308,PROD0021,Beige,M,True
SKU000309,PROD0021,Beige,L,True
SKU000310,PROD0021,Beige,XL,True
SKU000311,PROD0022,Navy,XS,True
SKU000312,PROD0022,Navy,S,True
SKU000313,PROD0022,Navy,M,True
SKU000314,PROD0022,Navy,L,True
SKU000315,PROD0022,Navy,XL,True
SKU000316,PROD0022,Orange,XS,True
SKU000317,PROD0022,Orange,S,True
SKU000318,PROD0022,Orange,M,True
SKU000319,PROD0022,Orange,L,True
SKU000320,PROD0022,Orange,XL,True
SKU000321,PROD0022,Beige,XS,True
SKU000322,PROD0022,Beige,S,True
SKU000323,PROD0022,Beige,M,True
SKU000324,PROD0022,Beige,L,True
SKU000325,PROD0022,Beige,XL,True
SKU000326,PROD0023,Green,XS,True
SKU000327,PROD0023,Green,S,True
SKU000328,PROD0023,Green,M,True
SKU000329,PROD0023,Green,L,True
SKU000330,PROD0023,Green,XL,True
SKU000331,PROD0023,Navy,XS,True
SKU000332,PROD0023,Navy,S,True
SKU000333,PROD0023,Navy,M,True
SKU000334,PROD0023,Navy,L,True
SKU000335,PROD0023,Navy,XL,True
SKU000336,PROD0023,Red,XS,True
SKU000337,PROD0023,Red,S,True
SKU000338,PROD0023,Red,M,True
SKU000339,PROD0023,Red,L,True
SKU000340,PROD0023,Red,XL,True
SKU000341,PROD0024,Navy,XS,True
SKU000342,PROD0024,Navy,S,True
SKU000343,PROD0024,Navy,M,True
SKU000344,PROD0024,Navy,L,True
SKU000345,PROD0024,Navy,XL,True
SKU000346,PROD0024,Green,XS,True
SKU000347,PROD0024,Green,S,True
SKU000348,PROD0024,Green,M,True
SKU000349,PROD0024,Green,L,True
SKU000350,PROD0024,Green,XL,True
SKU000351,PROD0024,Black,XS,True
SKU000352,PROD0024,Black,S,True
SKU000353,PROD0024,Black,M,True
SKU000354,PROD0024,Black,L,True
SKU000355,PROD0024,Black,XL,True
SKU000356,PROD0024,Orange,XS,True
SKU000357,PROD0024,Orange,S,True
SKU000358,PROD0024,Orange,M,True
SKU000359,PROD0024,Orange,L,True
SKU000360,PROD0024,Orange,XL,True
SKU000361,PROD0024,Beige,XS,True
SKU000362,PROD0024,Beige,S,True
SKU000363,PROD0024,Beige,M,True
SKU000364,PROD0024,Beige,L,True
SKU000365,PROD0024,Beige,XL,True
SKU000366,PROD0025,Navy,XS,True
SKU000367,PROD0025,Navy,S,True
SKU000368,PROD0025,Navy,M,True
SKU000369,PROD0025,Navy,L,True
SKU000370,PROD0025,Navy,XL,True
SKU000371,PROD0025,Grey,XS,True
SKU000372,PROD0025,Grey,S,True
SKU000373,PROD0025,Grey,M,True
SKU000374,PROD0025,Grey,L,True
SKU000375,PROD0025,Grey,XL,True
SKU000376,PROD0025,Beige,XS,True
SKU000377,PROD0025,Beige,S,True
SKU000378,PROD0025,Beige,M,True
SKU000379,PROD0025,Beige,L,True
SKU000380,PROD0025,Beige,XL,True
SKU000381,PROD0026,Green,XS,True
SKU000382,PROD0026,Green,S,True
SKU000383,PROD0026,Green,M,True
SKU000384,PROD0026,Green,L,True
SKU000385,PROD0026,Green,XL,True
SKU000386,PROD0026,Blue,XS,True
SKU000387,PROD0026,Blue,S,True
SKU000388,PROD0026,Blue,M,True
SKU000389,PROD0026,Blue,L,True
SKU000390,PROD0026,Blue,XL,True
SKU000391,PROD0026,Grey,XS,True
SKU000392,PROD0026,Grey,S,True
SKU000393,PROD0026,Grey,M,True
SKU000394,PROD0026,Grey,L,True
SKU000395,PROD0026,Grey,XL,True
SKU000396,PROD0026,Red,XS,True
SKU000397,PROD0026,Red,S,True
SKU000398,PROD0026,Red,M,True
SKU000399,PROD0026,Red,L,True
SKU000400,PROD0026,Red,XL,True
SKU000401,PROD0026,White,XS,True
SKU000402,PROD0026,White,S,True
SKU000403,PROD0026,White,M,True
SKU000404,PROD0026,White,L,True
SKU000405,PROD0026,White,XL,True
SKU000406,PROD0027,Beige,XS,True
SKU000407,PROD0027,Beige,S,True
SKU000408,PROD0027,Beige,M,True
SKU000409,PROD0027,Beige,L,True
SKU000410,PROD0027,Beige,XL,True
SKU000411,PROD0027,Green,XS,True
SKU000412,PROD0027,Green,S,True
SKU000413,PROD0027,Green,M,True
SKU000414,PROD0027,Green,L,True
SKU000415,PROD0027,Green,XL,True
SKU000416,PROD0027,White,XS,True
SKU000417,PROD0027,White,S,True
SKU000418,PROD0027,White,M,True
SKU000419,PROD0027,White,L,True
SKU000420,PROD0027,White,XL,True
SKU000421,PROD0028,Blue,XS,True
SKU000422,PROD0028,Blue,S,True
SKU000423,PROD0028,Blue,M,True
SKU000424,PROD0028,Blue,L,True
SKU000425,PROD0028,Blue,XL,True
SKU000426,PROD0028,White,XS,True
SKU000427,PROD0028,White,S,True
SKU000428,PROD0028,White,M,True
SKU000429,PROD0028,White,L,True
SKU000430,PROD0028,White,XL,True
SKU000431,PROD0028,Red,XS,True
SKU000432,PROD0028,Red,S,True
SKU000433,PROD0028,Red,M,True
SKU000434,PROD0028,Red,L,True
SKU000435,PROD0028,Red,XL,True
SKU000436,PROD0029,Beige,XS,True
SKU000437,PROD0029,Beige,S,True
SKU000438,PROD0029,Beige,M,True
SKU000439,PROD0029,Beige,L,True
SKU000440,PROD0029,Beige,XL,True
SKU000441,PROD0029,Grey,XS,True
SKU000442,PROD0029,Grey,S,True
SKU000443,PROD0029,Grey,M,True
SKU000444,PROD0029,Grey,L,True
SKU000445,PROD0029,Grey,XL,True
SKU000446,PROD0029,Black,XS,True
SKU000447,PROD0029,Black,S,True
SKU000448,PROD0029,Black,M,True
SKU000449,PROD0029,Black,L,True
SKU000450,PROD0029,Black,XL,True
SKU000451,PROD0029,Navy,XS,True
SKU000452,PROD0029,Navy,S,True
SKU000453,PROD0029,Navy,M,True
SKU000454,PROD0029,Navy,L,True
SKU000455,PROD0029,Navy,XL,True
SKU000456,PROD0029,White,XS,True
SKU000457,PROD0029,White,S,True
SKU000458,PROD0029,White,M,True
SKU000459,PROD0029,White,L,True
SKU000460,PROD0029,White,XL,True
SKU000461,PROD0030,Navy,XS,True
SKU000462,PROD0030,Navy,S,True
SKU000463,PROD0030,Navy,M,True
SKU000464,PROD0030,Navy,L,True
SKU000465,PROD0030,Navy,XL,True
SKU000466,PROD0030,Black,XS,True
SKU000467,PROD0030,Black,S,True
SKU000468,PROD0030,Black,M,True
SKU000469,PROD0030,Black,L,True
SKU000470,PROD0030,Black,XL,True
SKU000471,PROD0030,Grey,XS,True
SKU000472,PROD0030,Grey,S,True
SKU000473,PROD0030,Grey,M,True
SKU000474,PROD0030,Grey,L,True
SKU000475,PROD0030,Grey,XL,True
SKU000476,PROD0030,Beige,XS,True
SKU000477,PROD0030,Beige,S,True
SKU000478,PROD0030,Beige,M,True
SKU000479,PROD0030,Beige,L,True
SKU000480,PROD0030,Beige,XL,True
SKU000481,PROD0031,Black,XS,True
SKU000482,PROD0031,Black,S,True
SKU000483,PROD0031,Black,M,True
SKU000484,PROD0031,Black,L,True
SKU000485,PROD0031,Black,XL,True
SKU000486,PROD0031,Red,XS,True
SKU000487,PROD0031,Red,S,True
SKU000488,PROD0031,Red,M,True
SKU000489,PROD0031,Red,L,True
SKU000490,PROD0031,Red,XL,True
SKU000491,PROD0032,Red,XS,True
SKU000492,PROD0032,Red,S,True
SKU000493,PROD0032,Red,M,True
SKU000494,PROD0032,Red,L,True
SKU000495,PROD0032,Red,XL,True
SKU000496,PROD0032,Black,XS,True
SKU000497,PROD0032,Black,S,True
SKU000498,PROD0032,Black,M,True
SKU000499,PROD0032,Black,L,True
SKU000500,PROD0032,Black,XL,True
SKU000501,PROD0032,Green,XS,True
SKU000502,PROD0032,Green,S,True
SKU000503,PROD0032,Green,M,True
SKU000504,PROD0032,Green,L,True
SKU000505,PROD0032,Green,XL,True
SKU000506,PROD0032,Beige,XS,True
SKU000507,PROD0032,Beige,S,True
SKU000508,PROD0032,Beige,M,True
SKU000509,PROD0032,Beige,L,True
SKU000510,PROD0032,Beige,XL,True
SKU000511,PROD0033,Black,XS,True
SKU000512,PROD0033,Black,S,True
SKU000513,PROD0033,Black,M,True
SKU000514,PROD0033,Black,L,True
SKU000515,PROD0033,Black,XL,True
SKU000516,PROD0033,Beige,XS,True
SKU000517,PROD0033,Beige,S,True
SKU000518,PROD0033,Beige,M,True
SKU000519,PROD0033,Beige,L,True
SKU000520,PROD0033,Beige,XL,True
SKU000521,PROD0033,Grey,XS,True
SKU000522,PROD0033,Grey,S,True
SKU000523,PROD0033,Grey,M,True
SKU000524,PROD0033,Grey,L,True
SKU000525,PROD0033,Grey,XL,True
SKU000526,PROD0033,Green,XS,True
SKU000527,PROD0033,Green,S,True
SKU000528,PROD0033,Green,M,True
SKU000529,PROD0033,Green,L,True
SKU000530,PROD0033,Green,XL,True
SKU000531,PROD0034,Brown,XS,True
SKU000532,PROD0034,Brown,S,True
SKU000533,PROD0034,Brown,M,True
SKU000534,PROD0034,Brown,L,True
SKU000535,PROD0034,Brown,XL,True
SKU000536,PROD0034,Beige,XS,True
SKU000537,PROD0034,Beige,S,True
SKU000538,PROD0034,Beige,M,True
SKU000539,PROD0034,Beige,L,True
SKU000540,PROD0034,Beige,XL,True
SKU000541,PROD0034,Orange,XS,True
SKU000542,PROD0034,Orange,S,True
SKU000543,PROD0034,Orange,M,True
SKU000544,PROD0034,Orange,L,True
SKU000545,PROD0034,Orange,XL,True
SKU000546,PROD0034,Red,XS,True
SKU000547,PROD0034,Red,S,True
SKU000548,PROD0034,Red,M,True
SKU000549,PROD0034,Red,L,True
SKU000550,PROD0034,Red,XL,True
SKU000551,PROD0035,Navy,XS,True
SKU000552,PROD0035,Navy,S,True
SKU000553,PROD0035,Navy,M,True
SKU000554,PROD0035,Navy,L,True
SKU000555,PROD0035,Navy,XL,True
SKU000556,PROD0035,Brown,XS,True
SKU000557,PROD0035,Brown,S,True
SKU000558,PROD0035,Brown,M,True
SKU000559,PROD0035,Brown,L,True
SKU000560,PROD0035,Brown,XL,True
SKU000561,PROD0035,Green,XS,True
SKU000562,PROD0035,Green,S,True
SKU000563,PROD0035,Green,M,True
SKU000564,PROD0035,Green,L,True
SKU000565,PROD0035,Green,XL,True
SKU000566,PROD0036,Black,XS,True
SKU000567,PROD0036,Black,S,True
SKU000568,PROD0036,Black,M,True
SKU000569,PROD0036,Black,L,True
SKU000570,PROD0036,Black,XL,True
SKU000571,PROD0036,Grey,XS,True
SKU000572,PROD0036,Grey,S,True
SKU000573,PROD0036,Grey,M,True
SKU000574,PROD0036,Grey,L,True
SKU000575,PROD0036,Grey,XL,True
SKU000576,PROD0036,Navy,XS,True
SKU000577,PROD0036,Navy,S,True
SKU000578,PROD0036,Navy,M,True
SKU000579,PROD0036,Navy,L,True
SKU000580,PROD0036,Navy,XL,True
SKU000581,PROD0037,Navy,XS,True
SKU000582,PROD0037,Navy,S,True
SKU000583,PROD0037,Navy,M,True
SKU000584,PROD0037,Navy,L,True
SKU000585,PROD0037,Navy,XL,True
SKU000586,PROD0037,Black,XS,True
SKU000587,PROD0037,Black,S,True
SKU000588,PROD0037,Black,M,True
SKU000589,PROD0037,Black,L,True
SKU000590,PROD0037,Black,XL,True
SKU000591,PROD0037,White,XS,True
SKU000592,PROD0037,White,S,True
SKU000593,PROD0037,White,M,True
SKU000594,PROD0037,White,L,True
SKU000595,PROD0037,White,XL,True
SKU000596,PROD0037,Blue,XS,True
SKU000597,PROD0037,Blue,S,True
SKU000598,PROD0037,Blue,M,True
SKU000599,PROD0037,Blue,L,True
SKU000600,PROD0037,Blue,XL,True
SKU000601,PROD0037,Brown,XS,True
SKU000602,PROD0037,Brown,S,True
SKU000603,PROD0037,Brown,M,True
SKU000604,PROD0037,Brown,L,True
SKU000605,PROD0037,Brown,XL,True
SKU000606,PROD0038,Green,XS,True
SKU000607,PROD0038,Green,S,True
SKU000608,PROD0038,Green,M,True
SKU000609,PROD0038,Green,L,True
SKU000610,PROD0038,Green,XL,True
SKU000611,PROD0038,Grey,XS,True
SKU000612,PROD0038,Grey,S,True
SKU000613,PROD0038,Grey,M,True
SKU000614,PROD0038,Grey,L,True
SKU000615,PROD0038,Grey,XL,True
SKU000616,PROD0038,Black,XS,True
SKU000617,PROD0038,Black,S,True
SKU000618,PROD0038,Black,M,True
SKU000619,PROD0038,Black,L,True
SKU000620,PROD0038,Black,XL,True
SKU000621,PROD0039,Black,XS,True
SKU000622,PROD0039,Black,S,True
SKU000623,PROD0039,Black,M,True
SKU000624,PROD0039,Black,L,True
SKU000625,PROD0039,Black,XL,True
SKU000626,PROD0039,Grey,XS,True
SKU000627,PROD0039,Grey,S,True
SKU000628,PROD0039,Grey,M,True
SKU000629,PROD0039,Grey,L,True
SKU000630,PROD0039,Grey,XL,True
SKU000631,PROD0039,Green,XS,True
SKU000632,PROD0039,Green,S,True
SKU000633,PROD0039,Green,M,True
SKU000634,PROD0039,Green,L,True
SKU000635,PROD0039,Green,XL,True
SKU000636,PROD0040,White,XS,True
SKU000637,PROD0040,White,S,True
SKU000638,PROD0040,White,M,True
SKU000639,PROD0040,White,L,True
SKU000640,PROD0040,White,XL,True
SKU000641,PROD0040,Brown,XS,True
SKU000642,PROD0040,Brown,S,True
SKU000643,PROD0040,Brown,M,True
SKU000644,PROD0040,Brown,L,True
SKU000645,PROD0040,Brown,XL,True
SKU000646,PROD0040,Orange,XS,True
SKU000647,PROD0040,Orange,S,True
SKU000648,PROD0040,Orange,M,True
SKU000649,PROD0040,Orange,L,True
SKU000650,PROD0040,Orange,XL,True
SKU000651,PROD0040,Black,XS,True
SKU000652,PROD0040,Black,S,True
SKU000653,PROD0040,Black,M,True
SKU000654,PROD0040,Black,L,True
SKU000655,PROD0040,Black,XL,True
SKU000656,PROD0040,Navy,XS,True
SKU000657,PROD0040,Navy,S,True
SKU000658,PROD0040,Navy,M,True
SKU000659,PROD0040,Navy,L,True
SKU000660,PROD0040,Navy,XL,True
SKU000661,PROD0041,Beige,XS,True
SKU000662,PROD0041,Beige,S,True
SKU000663,PROD0041,Beige,M,True
SKU000664,PROD0041,Beige,L,True
SKU000665,PROD0041,Beige,XL,True
SKU000666,PROD0041,Grey,XS,True
SKU000667,PROD0041,Grey,S,True
SKU000668,PROD0041,Grey,M,True
SKU000669,PROD0041,Grey,L,True
SKU000670,PROD0041,Grey,XL,True
SKU000671,PROD0041,Green,XS,True
SKU000672,PROD0041,Green,S,True
SKU000673,PROD0041,Green,M,True
SKU000674,PROD0041,Green,L,True
SKU000675,PROD0041,Green,XL,True
SKU000676,PROD0041,Black,XS,True
SKU000677,PROD0041,Black,S,True
SKU000678,PROD0041,Black,M,True
SKU000679,PROD0041,Black,L,True
SKU000680,PROD0041,Black,XL,True
SKU000681,PROD0042,Green,XS,True
SKU000682,PROD0042,Green,S,True
SKU000683,PROD0042,Green,M,True
SKU000684,PROD0042,Green,L,True
SKU000685,PROD0042,Green,XL,True
SKU000686,PROD0042,White,XS,True
SKU000687,PROD0042,White,S,True
SKU000688,PROD0042,White,M,True
SKU000689,PROD0042,White,L,True
SKU000690,PROD0042,White,XL,True
SKU000691,PROD0042,Beige,XS,True
SKU000692,PROD0042,Beige,S,True
SKU000693,PROD0042,Beige,M,True
SKU000694,PROD0042,Beige,L,True
SKU000695,PROD0042,Beige,XL,True
SKU000696,PROD0042,Grey,XS,True
SKU000697,PROD0042,Grey,S,True
SKU000698,PROD0042,Grey,M,True
SKU000699,PROD0042,Grey,L,True
SKU000700,PROD0042,Grey,XL,True
SKU000701,PROD0042,Navy,XS,True
SKU000702,PROD0042,Navy,S,True
SKU000703,PROD0042,Navy,M,True
SKU000704,PROD0042,Navy,L,True
SKU000705,PROD0042,Navy,XL,True
SKU000706,PROD0043,Beige,XS,True
SKU000707,PROD0043,Beige,S,True
SKU000708,PROD0043,Beige,M,True
SKU000709,PROD0043,Beige,L,True
SKU000710,PROD0043,Beige,XL,True
SKU000711,PROD0043,Orange,XS,True
SKU000712,PROD0043,Orange,S,True
SKU000713,PROD0043,Orange,M,True
SKU000714,PROD0043,Orange,L,True
SKU000715,PROD0043,Orange,XL,True
SKU000716,PROD0044,Black,XS,True
SKU000717,PROD0044,Black,S,True
SKU000718,PROD0044,Black,M,True
SKU000719,PROD0044,Black,L,True
SKU000720,PROD0044,Black,XL,True
SKU000721,PROD0044,Beige,XS,True
SKU000722,PROD0044,Beige,S,True
SKU000723,PROD0044,Beige,M,True
SKU000724,PROD0044,Beige,L,True
SKU000725,PROD0044,Beige,XL,True
SKU000726,PROD0044,Grey,XS,True
SKU000727,PROD0044,Grey,S,True
SKU000728,PROD0044,Grey,M,True
SKU000729,PROD0044,Grey,L,True
SKU000730,PROD0044,Grey,XL,True
SKU000731,PROD0045,Grey,XS,True
SKU000732,PROD0045,Grey,S,True
SKU000733,PROD0045,Grey,M,True
SKU000734,PROD0045,Grey,L,True
SKU000735,PROD0045,Grey,XL,True
SKU000736,PROD0045,Black,XS,True
SKU000737,PROD0045,Black,S,True
SKU000738,PROD0045,Black,M,True
SKU000739,PROD0045,Black,L,True
SKU000740,PROD0045,Black,XL,True
SKU000741,PROD0045,Brown,XS,True
SKU000742,PROD0045,Brown,S,True
SKU000743,PROD0045,Brown,M,True
SKU000744,PROD0045,Brown,L,True
SKU000745,PROD0045,Brown,XL,True
SKU000746,PROD0046,Green,XS,True
SKU000747,PROD0046,Green,S,True
SKU000748,PROD0046,Green,M,True
SKU000749,PROD0046,Green,L,True
SKU000750,PROD0046,Green,XL,True
SKU000751,PROD0046,Black,XS,True
SKU000752,PROD0046,Black,S,True
SKU000753,PROD0046,Black,M,True
SKU000754,PROD0046,Black,L,True
SKU000755,PROD0046,Black,XL,True
SKU000756,PROD0046,Blue,XS,True
SKU000757,PROD0046,Blue,S,True
SKU000758,PROD0046,Blue,M,True
SKU000759,PROD0046,Blue,L,True
SKU000760,PROD0046,Blue,XL,True
SKU000761,PROD0047,Green,XS,True
SKU000762,PROD0047,Green,S,True
SKU000763,PROD0047,Green,M,True
SKU000764,PROD0047,Green,L,True
SKU000765,PROD0047,Green,XL,True
SKU000766,PROD0047,Black,XS,True
SKU000767,PROD0047,Black,S,True
SKU000768,PROD0047,Black,M,True
SKU000769,PROD0047,Black,L,True
SKU000770,PROD0047,Black,XL,True
SKU000771,PROD0047,Navy,XS,True
SKU000772,PROD0047,Navy,S,True
SKU000773,PROD0047,Navy,M,True
SKU000774,PROD0047,Navy,L,True
SKU000775,PROD0047,Navy,XL,True
SKU000776,PROD0048,Black,XS,True
SKU000777,PROD0048,Black,S,True
SKU000778,PROD0048,Black,M,True
SKU000779,PROD0048,Black,L,True
SKU000780,PROD0048,Black,XL,True
SKU000781,PROD0048,White,XS,True
SKU000782,PROD0048,White,S,True
SKU000783,PROD0048,White,M,True
SKU000784,PROD0048,White,L,True
SKU000785,PROD0048,White,XL,True
SKU000786,PROD0048,Navy,XS,True
SKU000787,PROD0048,Navy,S,True
SKU000788,PROD0048,Navy,M,True
SKU000789,PROD0048,Navy,L,True
SKU000790,PROD0048,Navy,XL,True
SKU000791,PROD0048,Brown,XS,True
SKU000792,PROD0048,Brown,S,True
SKU000793,PROD0048,Brown,M,True
SKU000794,PROD0048,Brown,L,True
SKU000795,PROD0048,Brown,XL,True
SKU000796,PROD0048,Grey,XS,True
SKU000797,PROD0048,Grey,S,True
SKU000798,PROD0048,Grey,M,True
SKU000799,PROD0048,Grey,L,True
SKU000800,PROD0048,Grey,XL,True
SKU000801,PROD0049,White,XS,True
SKU000802,PROD0049,White,S,True
SKU000803,PROD0049,White,M,True
SKU000804,PROD0049,White,L,True
SKU000805,PROD0049,White,XL,True
SKU000806,PROD0049,Orange,XS,True
SKU000807,PROD0049,Orange,S,True
SKU000808,PROD0049,Orange,M,True
SKU000809,PROD0049,Orange,L,True
SKU000810,PROD0049,Orange,XL,True
SKU000811,PROD0049,Brown,XS,True
SKU000812,PROD0049,Brown,S,True
SKU000813,PROD0049,Brown,M,True
SKU000814,PROD0049,Brown,L,True
SKU000815,PROD0049,Brown,XL,True
SKU000816,PROD0050,Brown,XS,True
SKU000817,PROD0050,Brown,S,True
SKU000818,PROD0050,Brown,M,True
SKU000819,PROD0050,Brown,L,True
SKU000820,PROD0050,Brown,XL,True
SKU000821,PROD0050,Navy,XS,True
SKU000822,PROD0050,Navy,S,True
SKU000823,PROD0050,Navy,M,True
SKU000824,PROD0050,Navy,L,True
SKU000825,PROD0050,Navy,XL,True
SKU000826,PROD0050,Black,XS,True
SKU000827,PROD0050,Black,S,True
SKU000828,PROD0050,Black,M,True
SKU000829,PROD0050,Black,L,True
SKU000830,PROD0050,Black,XL,True
SKU000831,PROD0051,Black,XS,True
SKU000832,PROD0051,Black,S,True
SKU000833,PROD0051,Black,M,True
SKU000834,PROD0051,Black,L,True
SKU000835,PROD0051,Black,XL,True
SKU000836,PROD0051,Navy,XS,True
SKU000837,PROD0051,Navy,S,True
SKU000838,PROD0051,Navy,M,True
SKU000839,PROD0051,Navy,L,True
SKU000840,PROD0051,Navy,XL,True
SKU000841,PROD0051,White,XS,True
SKU000842,PROD0051,White,S,True
SKU000843,PROD0051,White,M,True
SKU000844,PROD0051,White,L,True
SKU000845,PROD0051,White,XL,True
SKU000846,PROD0052,White,XS,True
SKU000847,PROD0052,White,S,True
SKU000848,PROD0052,White,M,True
SKU000849,PROD0052,White,L,True
SKU000850,PROD0052,White,XL,True
SKU000851,PROD0052,Navy,XS,True
SKU000852,PROD0052,Navy,S,True
SKU000853,PROD0052,Navy,M,True
SKU000854,PROD0052,Navy,L,True
SKU000855,PROD0052,Navy,XL,True
SKU000856,PROD0052,Blue,XS,True
SKU000857,PROD0052,Blue,S,True
SKU000858,PROD0052,Blue,M,True
SKU000859,PROD0052,Blue,L,True
SKU000860,PROD0052,Blue,XL,True
SKU000861,PROD0053,Black,XS,True
SKU000862,PROD0053,Black,S,True
SKU000863,PROD0053,Black,M,True
SKU000864,PROD0053,Black,L,True
SKU000865,PROD0053,Black,XL,True
SKU000866,PROD0053,White,XS,True
SKU000867,PROD0053,White,S,True
SKU000868,PROD0053,White,M,True
SKU000869,PROD0053,White,L,True
SKU000870,PROD0053,White,XL,True
SKU000871,PROD0053,Green,XS,True
SKU000872,PROD0053,Green,S,True
SKU000873,PROD0053,Green,M,True
SKU000874,PROD0053,Green,L,True
SKU000875,PROD0053,Green,XL,True
SKU000876,PROD0054,Grey,XS,True
SKU000877,PROD0054,Grey,S,True
SKU000878,PROD0054,Grey,M,True
SKU000879,PROD0054,Grey,L,True
SKU000880,PROD0054,Grey,XL,True
SKU000881,PROD0054,Black,XS,True
SKU000882,PROD0054,Black,S,True
SKU000883,PROD0054,Black,M,True
SKU000884,PROD0054,Black,L,True
SKU000885,PROD0054,Black,XL,True
SKU000886,PROD0054,Red,XS,True
SKU000887,PROD0054,Red,S,True
SKU000888,PROD0054,Red,M,True
SKU000889,PROD0054,Red,L,True
SKU000890,PROD0054,Red,XL,True
SKU000891,PROD0054,Beige,XS,True
SKU000892,PROD0054,Beige,S,True
SKU000893,PROD0054,Beige,M,True
SKU000894,PROD0054,Beige,L,True
SKU000895,PROD0054,Beige,XL,True
SKU000896,PROD0055,Black,XS,True
SKU000897,PROD0055,Black,S,True
SKU000898,PROD0055,Black,M,True
SKU000899,PROD0055,Black,L,True
SKU000900,PROD0055,Black,XL,True
SKU000901,PROD0055,Grey,XS,True
SKU000902,PROD0055,Grey,S,True
SKU000903,PROD0055,Grey,M,True
SKU000904,PROD0055,Grey,L,True
SKU000905,PROD0055,Grey,XL,True
SKU000906,PROD0056,Orange,XS,True
SKU000907,PROD0056,Orange,S,True
SKU000908,PROD0056,Orange,M,True
SKU000909,PROD0056,Orange,L,True
SKU000910,PROD0056,Orange,XL,True
SKU000911,PROD0056,Navy,XS,True
SKU000912,PROD0056,Navy,S,True
SKU000913,PROD0056,Navy,M,True
SKU000914,PROD0056,Navy,L,True
SKU000915,PROD0056,Navy,XL,True
SKU000916,PROD0056,Beige,XS,True
SKU000917,PROD0056,Beige,S,True
SKU000918,PROD0056,Beige,M,True
SKU000919,PROD0056,Beige,L,True
SKU000920,PROD0056,Beige,XL,True
SKU000921,PROD0056,Red,XS,True
SKU000922,PROD0056,Red,S,True
SKU000923,PROD0056,Red,M,True
SKU000924,PROD0056,Red,L,True
SKU000925,PROD0056,Red,XL,True
SKU000926,PROD0057,Beige,XS,True
SKU000927,PROD0057,Beige,S,True
SKU000928,PROD0057,Beige,M,True
SKU000929,PROD0057,Beige,L,True
SKU000930,PROD0057,Beige,XL,True
SKU000931,PROD0057,Black,XS,True
SKU000932,PROD0057,Black,S,True
SKU000933,PROD0057,Black,M,True
SKU000934,PROD0057,Black,L,True
SKU000935,PROD0057,Black,XL,True
SKU000936,PROD0057,Grey,XS,True
SKU000937,PROD0057,Grey,S,True
SKU000938,PROD0057,Grey,M,True
SKU000939,PROD0057,Grey,L,True
SKU000940,PROD0057,Grey,XL,True
SKU000941,PROD0058,Grey,XS,True
SKU000942,PROD0058,Grey,S,True
SKU000943,PROD0058,Grey,M,True
SKU000944,PROD0058,Grey,L,True
SKU000945,PROD0058,Grey,XL,True
SKU000946,PROD0058,Navy,XS,True
SKU000947,PROD0058,Navy,S,True
SKU000948,PROD0058,Navy,M,True
SKU000949,PROD0058,Navy,L,True
SKU000950,PROD0058,Navy,XL,True
SKU000951,PROD0058,Green,XS,True
SKU000952,PROD0058,Green,S,True
SKU000953,PROD0058,Green,M,True
SKU000954,PROD0058,Green,L,True
SKU000955,PROD0058,Green,XL,True
SKU000956,PROD0059,Green,XS,True
SKU000957,PROD0059,Green,S,True
SKU000958,PROD0059,Green,M,True
SKU000959,PROD0059,Green,L,True
SKU000960,PROD0059,Green,XL,True
SKU000961,PROD0059,Navy,XS,True
SKU000962,PROD0059,Navy,S,True
SKU000963,PROD0059,Navy,M,True
SKU000964,PROD0059,Navy,L,True
SKU000965,PROD0059,Navy,XL,True
SKU000966,PROD0059,Black,XS,True
SKU000967,PROD0059,Black,S,True
SKU000968,PROD0059,Black,M,True
SKU000969,PROD0059,Black,L,True
SKU000970,PROD0059,Black,XL,True
SKU000971,PROD0059,Beige,XS,True
SKU000972,PROD0059,Beige,S,True
SKU000973,PROD0059,Beige,M,True
SKU000974,PROD0059,Beige,L,True
SKU000975,PROD0059,Beige,XL,True
SKU000976,PROD0060,Black,XS,True
SKU000977,PROD0060,Black,S,True
SKU000978,PROD0060,Black,M,True
SKU000979,PROD0060,Black,L,True
SKU000980,PROD0060,Black,XL,True
SKU000981,PROD0060,Grey,XS,True
SKU000982,PROD0060,Grey,S,True
SKU000983,PROD0060,Grey,M,True
SKU000984,PROD0060,Grey,L,True
SKU000985,PROD0060,Grey,XL,True
SKU000986,PROD0060,Brown,XS,True
SKU000987,PROD0060,Brown,S,True
SKU000988,PROD0060,Brown,M,True
SKU000989,PROD0060,Brown,L,True
SKU000990,PROD0060,Brown,XL,True
SKU000991,PROD0060,White,XS,True
SKU000992,PROD0060,White,S,True
SKU000993,PROD0060,White,M,True
SKU000994,PROD0060,White,L,True
SKU000995,PROD0060,White,XL,True
SKU000996,PROD0060,Red,XS,True
SKU000997,PROD0060,Red,S,True
SKU000998,PROD0060,Red,M,True
SKU000999,PROD0060,Red,L,True
SKU001000,PROD0060,Red,XL,True
SKU001001,PROD0061,Black,XS,True
SKU001002,PROD0061,Black,S,True
SKU001003,PROD0061,Black,M,True
SKU001004,PROD0061,Black,L,True
SKU001005,PROD0061,Black,XL,True
SKU001006,PROD0061,Navy,XS,True
SKU001007,PROD0061,Navy,S,True
SKU001008,PROD0061,Navy,M,True
SKU001009,PROD0061,Navy,L,True
SKU001010,PROD0061,Navy,XL,True
SKU001011,PROD0061,Orange,XS,True
SKU001012,PROD0061,Orange,S,True
SKU001013,PROD0061,Orange,M,True
SKU001014,PROD0061,Orange,L,True
SKU001015,PROD0061,Orange,XL,True
SKU001016,PROD0061,Green,XS,True
SKU001017,PROD0061,Green,S,True
SKU001018,PROD0061,Green,M,True
SKU001019,PROD0061,Green,L,True
SKU001020,PROD0061,Green,XL,True
SKU001021,PROD0061,Blue,XS,True
SKU001022,PROD0061,Blue,S,True
SKU001023,PROD0061,Blue,M,True
SKU001024,PROD0061,Blue,L,True
SKU001025,PROD0061,Blue,XL,True
SKU001026,PROD0062,Grey,XS,True
SKU001027,PROD0062,Grey,S,True
SKU001028,PROD0062,Grey,M,True
SKU001029,PROD0062,Grey,L,True
SKU001030,PROD0062,Grey,XL,True
SKU001031,PROD0062,White,XS,True
SKU001032,PROD0062,White,S,True
SKU001033,PROD0062,White,M,True
SKU001034,PROD0062,White,L,True
SKU001035,PROD0062,White,XL,True
SKU001036,PROD0062,Beige,XS,True
SKU001037,PROD0062,Beige,S,True
SKU001038,PROD0062,Beige,M,True
SKU001039,PROD0062,Beige,L,True
SKU001040,PROD0062,Beige,XL,True
SKU001041,PROD0062,Navy,XS,True
SKU001042,PROD0062,Navy,S,True
SKU001043,PROD0062,Navy,M,True
SKU001044,PROD0062,Navy,L,True
SKU001045,PROD0062,Navy,XL,True
SKU001046,PROD0063,Orange,XS,True
SKU001047,PROD0063,Orange,S,True
SKU001048,PROD0063,Orange,M,True
SKU001049,PROD0063,Orange,L,True
SKU001050,PROD0063,Orange,XL,True
SKU001051,PROD0063,Navy,XS,True
SKU001052,PROD0063,Navy,S,True
SKU001053,PROD0063,Navy,M,True
SKU001054,PROD0063,Navy,L,True
SKU001055,PROD0063,Navy,XL,True
SKU001056,PROD0064,Beige,XS,True
SKU001057,PROD0064,Beige,S,True
SKU001058,PROD0064,Beige,M,True
SKU001059,PROD0064,Beige,L,True
SKU001060,PROD0064,Beige,XL,True
SKU001061,PROD0064,White,XS,True
SKU001062,PROD0064,White,S,True
SKU001063,PROD0064,White,M,True
SKU001064,PROD0064,White,L,True
SKU001065,PROD0064,White,XL,True
SKU001066,PROD0065,Green,XS,True
SKU001067,PROD0065,Green,S,True
SKU001068,PROD0065,Green,M,True
SKU001069,PROD0065,Green,L,True
SKU001070,PROD0065,Green,XL,True
SKU001071,PROD0065,Black,XS,True
SKU001072,PROD0065,Black,S,True
SKU001073,PROD0065,Black,M,True
SKU001074,PROD0065,Black,L,True
SKU001075,PROD0065,Black,XL,True
SKU001076,PROD0065,Blue,XS,True
SKU001077,PROD0065,Blue,S,True
SKU001078,PROD0065,Blue,M,True
SKU001079,PROD0065,Blue,L,True
SKU001080,PROD0065,Blue,XL,True
SKU001081,PROD0065,Grey,XS,True
SKU001082,PROD0065,Grey,S,True
SKU001083,PROD0065,Grey,M,True
SKU001084,PROD0065,Grey,L,True
SKU001085,PROD0065,Grey,XL,True
SKU001086,PROD0066,Blue,XS,True
SKU001087,PROD0066,Blue,S,True
SKU001088,PROD0066,Blue,M,True
SKU001089,PROD0066,Blue,L,True
SKU001090,PROD0066,Blue,XL,True
SKU001091,PROD0066,Grey,XS,True
SKU001092,PROD0066,Grey,S,True
SKU001093,PROD0066,Grey,M,True
SKU001094,PROD0066,Grey,L,True
SKU001095,PROD0066,Grey,XL,True
SKU001096,PROD0066,Beige,XS,True
SKU001097,PROD0066,Beige,S,True
SKU001098,PROD0066,Beige,M,True
SKU001099,PROD0066,Beige,L,True
SKU001100,PROD0066,Beige,XL,True
SKU001101,PROD0066,Green,XS,True
SKU001102,PROD0066,Green,S,True
SKU001103,PROD0066,Green,M,True
SKU001104,PROD0066,Green,L,True
SKU001105,PROD0066,Green,XL,True
SKU001106,PROD0067,Grey,XS,True
SKU001107,PROD0067,Grey,S,True
SKU001108,PROD0067,Grey,M,True
SKU001109,PROD0067,Grey,L,True
SKU001110,PROD0067,Grey,XL,True
SKU001111,PROD0067,Beige,XS,True
SKU001112,PROD0067,Beige,S,True
SKU001113,PROD0067,Beige,M,True
SKU001114,PROD0067,Beige,L,True
SKU001115,PROD0067,Beige,XL,True
SKU001116,PROD0067,White,XS,True
SKU001117,PROD0067,White,S,True
SKU001118,PROD0067,White,M,True
SKU001119,PROD0067,White,L,True
SKU001120,PROD0067,White,XL,True
SKU001121,PROD0067,Black,XS,True
SKU001122,PROD0067,Black,S,True
SKU001123,PROD0067,Black,M,True
SKU001124,PROD0067,Black,L,True
SKU001125,PROD0067,Black,XL,True
SKU001126,PROD0068,Grey,XS,True
SKU001127,PROD0068,Grey,S,True
SKU001128,PROD0068,Grey,M,True
SKU001129,PROD0068,Grey,L,True
SKU001130,PROD0068,Grey,XL,True
SKU001131,PROD0068,Black,XS,True
SKU001132,PROD0068,Black,S,True
SKU001133,PROD0068,Black,M,True
SKU001134,PROD0068,Black,L,True
SKU001135,PROD0068,Black,XL,True
SKU001136,PROD0068,Beige,XS,True
SKU001137,PROD0068,Beige,S,True
SKU001138,PROD0068,Beige,M,True
SKU001139,PROD0068,Beige,L,True
SKU001140,PROD0068,Beige,XL,True
SKU001141,PROD0069,Red,XS,True
SKU001142,PROD0069,Red,S,True
SKU001143,PROD0069,Red,M,True
SKU001144,PROD0069,Red,L,True
SKU001145,PROD0069,Red,XL,True
SKU001146,PROD0069,White,XS,True
SKU001147,PROD0069,White,S,True
SKU001148,PROD0069,White,M,True
SKU001149,PROD0069,White,L,True
SKU001150,PROD0069,White,XL,True
SKU001151,PROD0069,Grey,XS,True
SKU001152,PROD0069,Grey,S,True
SKU001153,PROD0069,Grey,M,True
SKU001154,PROD0069,Grey,L,True
SKU001155,PROD0069,Grey,XL,True
SKU001156,PROD0069,Black,XS,True
SKU001157,PROD0069,Black,S,True
SKU001158,PROD0069,Black,M,True
SKU001159,PROD0069,Black,L,True
SKU001160,PROD0069,Black,XL,True
SKU001161,PROD0070,Navy,XS,True
SKU001162,PROD0070,Navy,S,True
SKU001163,PROD0070,Navy,M,True
SKU001164,PROD0070,Navy,L,True
SKU001165,PROD0070,Navy,XL,True
SKU001166,PROD0070,Grey,XS,True
SKU001167,PROD0070,Grey,S,True
SKU001168,PROD0070,Grey,M,True
SKU001169,PROD0070,Grey,L,True
SKU001170,PROD0070,Grey,XL,True
SKU001171,PROD0071,Brown,XS,True
SKU001172,PROD0071,Brown,S,True
SKU001173,PROD0071,Brown,M,True
SKU001174,PROD0071,Brown,L,True
SKU001175,PROD0071,Brown,XL,True
SKU001176,PROD0071,Black,XS,True
SKU001177,PROD0071,Black,S,True
SKU001178,PROD0071,Black,M,True
SKU001179,PROD0071,Black,L,True
SKU001180,PROD0071,Black,XL,True
SKU001181,PROD0071,White,XS,True
SKU001182,PROD0071,White,S,True
SKU001183,PROD0071,White,M,True
SKU001184,PROD0071,White,L,True
SKU001185,PROD0071,White,XL,True
SKU001186,PROD0072,Navy,XS,True
SKU001187,PROD0072,Navy,S,True
SKU001188,PROD0072,Navy,M,True
SKU001189,PROD0072,Navy,L,True
SKU001190,PROD0072,Navy,XL,True
SKU001191,PROD0072,White,XS,True
SKU001192,PROD0072,White,S,True
SKU001193,PROD0072,White,M,True
SKU001194,PROD0072,White,L,True
SKU001195,PROD0072,White,XL,True
SKU001196,PROD0072,Green,XS,True
SKU001197,PROD0072,Green,S,True
SKU001198,PROD0072,Green,M,True
SKU001199,PROD0072,Green,L,True
SKU001200,PROD0072,Green,XL,True
SKU001201,PROD0072,Black,XS,True
SKU001202,PROD0072,Black,S,True
SKU001203,PROD0072,Black,M,True
SKU001204,PROD0072,Black,L,True
SKU001205,PROD0072,Black,XL,True
SKU001206,PROD0073,Blue,XS,True
SKU001207,PROD0073,Blue,S,True
SKU001208,PROD0073,Blue,M,True
SKU001209,PROD0073,Blue,L,True
SKU001210,PROD0073,Blue,XL,True
SKU001211,PROD0073,Black,XS,True
SKU001212,PROD0073,Black,S,True
SKU001213,PROD0073,Black,M,True
SKU001214,PROD0073,Black,L,True
SKU001215,PROD0073,Black,XL,True
SKU001216,PROD0073,Navy,XS,True
SKU001217,PROD0073,Navy,S,True
SKU001218,PROD0073,Navy,M,True
SKU001219,PROD0073,Navy,L,True
SKU001220,PROD0073,Navy,XL,True
SKU001221,PROD0073,White,XS,True
SKU001222,PROD0073,White,S,True
SKU001223,PROD0073,White,M,True
SKU001224,PROD0073,White,L,True
SKU001225,PROD0073,White,XL,True
SKU001226,PROD0074,Blue,XS,True
SKU001227,PROD0074,Blue,S,True
SKU001228,PROD0074,Blue,M,True
SKU001229,PROD0074,Blue,L,True
SKU001230,PROD0074,Blue,XL,True
SKU001231,PROD0074,Beige,XS,True
SKU001232,PROD0074,Beige,S,True
SKU001233,PROD0074,Beige,M,True
SKU001234,PROD0074,Beige,L,True
SKU001235,PROD0074,Beige,XL,True
SKU001236,PROD0074,Grey,XS,True
SKU001237,PROD0074,Grey,S,True
SKU001238,PROD0074,Grey,M,True
SKU001239,PROD0074,Grey,L,True
SKU001240,PROD0074,Grey,XL,True
SKU001241,PROD0075,Brown,XS,True
SKU001242,PROD0075,Brown,S,True
SKU001243,PROD0075,Brown,M,True
SKU001244,PROD0075,Brown,L,True
SKU001245,PROD0075,Brown,XL,True
SKU001246,PROD0075,White,XS,True
SKU001247,PROD0075,White,S,True
SKU001248,PROD0075,White,M,True
SKU001249,PROD0075,White,L,True
SKU001250,PROD0075,White,XL,True
SKU001251,PROD0075,Navy,XS,True
SKU001252,PROD0075,Navy,S,True
SKU001253,PROD0075,Navy,M,True
SKU001254,PROD0075,Navy,L,True
SKU001255,PROD0075,Navy,XL,True
SKU001256,PROD0075,Grey,XS,True
SKU001257,PROD0075,Grey,S,True
SKU001258,PROD0075,Grey,M,True
SKU001259,PROD0075,Grey,L,True
SKU001260,PROD0075,Grey,XL,True
SKU001261,PROD0075,Black,XS,True
SKU001262,PROD0075,Black,S,True
SKU001263,PROD0075,Black,M,True
SKU001264,PROD0075,Black,L,True
SKU001265,PROD0075,Black,XL,True
SKU001266,PROD0076,Green,XS,True
SKU001267,PROD0076,Green,S,True
SKU001268,PROD0076,Green,M,True
SKU001269,PROD0076,Green,L,True
SKU001270,PROD0076,Green,XL,True
SKU001271,PROD0076,Black,XS,True
SKU001272,PROD0076,Black,S,True
SKU001273,PROD0076,Black,M,True
SKU001274,PROD0076,Black,L,True
SKU001275,PROD0076,Black,XL,True
SKU001276,PROD0076,Navy,XS,True
SKU001277,PROD0076,Navy,S,True
SKU001278,PROD0076,Navy,M,True
SKU001279,PROD0076,Navy,L,True
SKU001280,PROD0076,Navy,XL,True
SKU001281,PROD0076,Grey,XS,True
SKU001282,PROD0076,Grey,S,True
SKU001283,PROD0076,Grey,M,True
SKU001284,PROD0076,Grey,L,True
SKU001285,PROD0076,Grey,XL,True
SKU001286,PROD0077,Grey,XS,True
SKU001287,PROD0077,Grey,S,True
SKU001288,PROD0077,Grey,M,True
SKU001289,PROD0077,Grey,L,True
SKU001290,PROD0077,Grey,XL,True
SKU001291,PROD0077,Green,XS,True
SKU001292,PROD0077,Green,S,True
SKU001293,PROD0077,Green,M,True
SKU001294,PROD0077,Green,L,True
SKU001295,PROD0077,Green,XL,True
SKU001296,PROD0077,White,XS,True
SKU001297,PROD0077,White,S,True
SKU001298,PROD0077,White,M,True
SKU001299,PROD0077,White,L,True
SKU001300,PROD0077,White,XL,True
SKU001301,PROD0078,Green,XS,True
SKU001302,PROD0078,Green,S,True
SKU001303,PROD0078,Green,M,True
SKU001304,PROD0078,Green,L,True
SKU001305,PROD0078,Green,XL,True
SKU001306,PROD0078,Black,XS,True
SKU001307,PROD0078,Black,S,True
SKU001308,PROD0078,Black,M,True
SKU001309,PROD0078,Black,L,True
SKU001310,PROD0078,Black,XL,True
SKU001311,PROD0078,Grey,XS,True
SKU001312,PROD0078,Grey,S,True
SKU001313,PROD0078,Grey,M,True
SKU001314,PROD0078,Grey,L,True
SKU001315,PROD0078,Grey,XL,True
SKU001316,PROD0079,Navy,XS,True
SKU001317,PROD0079,Navy,S,True
SKU001318,PROD0079,Navy,M,True
SKU001319,PROD0079,Navy,L,True
SKU001320,PROD0079,Navy,XL,True
SKU001321,PROD0079,Blue,XS,True
SKU001322,PROD0079,Blue,S,True
SKU001323,PROD0079,Blue,M,True
SKU001324,PROD0079,Blue,L,True
SKU001325,PROD0079,Blue,XL,True
SKU001326,PROD0079,Black,XS,True
SKU001327,PROD0079,Black,S,True
SKU001328,PROD0079,Black,M,True
SKU001329,PROD0079,Black,L,True
SKU001330,PROD0079,Black,XL,True
SKU001331,PROD0079,Orange,XS,True
SKU001332,PROD0079,Orange,S,True
SKU001333,PROD0079,Orange,M,True
SKU001334,PROD0079,Orange,L,True
SKU001335,PROD0079,Orange,XL,True
SKU001336,PROD0079,Brown,XS,True
SKU001337,PROD0079,Brown,S,True
SKU001338,PROD0079,Brown,M,True
SKU001339,PROD0079,Brown,L,True
SKU001340,PROD0079,Brown,XL,True
SKU001341,PROD0080,Brown,XS,True
SKU001342,PROD0080,Brown,S,True
SKU001343,PROD0080,Brown,M,True
SKU001344,PROD0080,Brown,L,True
SKU001345,PROD0080,Brown,XL,True
SKU001346,PROD0080,Blue,XS,True
SKU001347,PROD0080,Blue,S,True
SKU001348,PROD0080,Blue,M,True
SKU001349,PROD0080,Blue,L,True
SKU001350,PROD0080,Blue,XL,True
SKU001351,PROD0080,Black,XS,True
SKU001352,PROD0080,Black,S,True
SKU001353,PROD0080,Black,M,True
SKU001354,PROD0080,Black,L,True
SKU001355,PROD0080,Black,XL,True
SKU001356,PROD0081,Grey,XS,True
SKU001357,PROD0081,Grey,S,True
SKU001358,PROD0081,Grey,M,True
SKU001359,PROD0081,Grey,L,True
SKU001360,PROD0081,Grey,XL,True
SKU001361,PROD0081,Orange,XS,True
SKU001362,PROD0081,Orange,S,True
SKU001363,PROD0081,Orange,M,True
SKU001364,PROD0081,Orange,L,True
SKU001365,PROD0081,Orange,XL,True
SKU001366,PROD0082,Grey,XS,True
SKU001367,PROD0082,Grey,S,True
SKU001368,PROD0082,Grey,M,True
SKU001369,PROD0082,Grey,L,True
SKU001370,PROD0082,Grey,XL,True
SKU001371,PROD0082,White,XS,True
SKU001372,PROD0082,White,S,True
SKU001373,PROD0082,White,M,True
SKU001374,PROD0082,White,L,True
SKU001375,PROD0082,White,XL,True
SKU001376,PROD0082,Blue,XS,True
SKU001377,PROD0082,Blue,S,True
SKU001378,PROD0082,Blue,M,True
SKU001379,PROD0082,Blue,L,True
SKU001380,PROD0082,Blue,XL,True
SKU001381,PROD0083,Black,XS,True
SKU001382,PROD0083,Black,S,True
SKU001383,PROD0083,Black,M,True
SKU001384,PROD0083,Black,L,True
SKU001385,PROD0083,Black,XL,True
SKU001386,PROD0083,Grey,XS,True
SKU001387,PROD0083,Grey,S,True
SKU001388,PROD0083,Grey,M,True
SKU001389,PROD0083,Grey,L,True
SKU001390,PROD0083,Grey,XL,True
SKU001391,PROD0083,Navy,XS,True
SKU001392,PROD0083,Navy,S,True
SKU001393,PROD0083,Navy,M,True
SKU001394,PROD0083,Navy,L,True
SKU001395,PROD0083,Navy,XL,True
SKU001396,PROD0083,White,XS,True
SKU001397,PROD0083,White,S,True
SKU001398,PROD0083,White,M,True
SKU001399,PROD0083,White,L,True
SKU001400,PROD0083,White,XL,True
SKU001401,PROD0084,Beige,XS,True
SKU001402,PROD0084,Beige,S,True
SKU001403,PROD0084,Beige,M,True
SKU001404,PROD0084,Beige,L,True
SKU001405,PROD0084,Beige,XL,True
SKU001406,PROD0084,Navy,XS,True
SKU001407,PROD0084,Navy,S,True
SKU001408,PROD0084,Navy,M,True
SKU001409,PROD0084,Navy,L,True
SKU001410,PROD0084,Navy,XL,True
SKU001411,PROD0085,White,XS,True
SKU001412,PROD0085,White,S,True
SKU001413,PROD0085,White,M,True
SKU001414,PROD0085,White,L,True
SKU001415,PROD0085,White,XL,True
SKU001416,PROD0085,Grey,XS,True
SKU001417,PROD0085,Grey,S,True
SKU001418,PROD0085,Grey,M,True
SKU001419,PROD0085,Grey,L,True
SKU001420,PROD0085,Grey,XL,True
SKU001421,PROD0085,Black,XS,True
SKU001422,PROD0085,Black,S,True
SKU001423,PROD0085,Black,M,True
SKU001424,PROD0085,Black,L,True
SKU001425,PROD0085,Black,XL,True
SKU001426,PROD0086,Black,XS,True
SKU001427,PROD0086,Black,S,True
SKU001428,PROD0086,Black,M,True
SKU001429,PROD0086,Black,L,True
SKU001430,PROD0086,Black,XL,True
SKU001431,PROD0086,Orange,XS,True
SKU001432,PROD0086,Orange,S,True
SKU001433,PROD0086,Orange,M,True
SKU001434,PROD0086,Orange,L,True
SKU001435,PROD0086,Orange,XL,True
SKU001436,PROD0087,White,XS,True
SKU001437,PROD0087,White,S,True
SKU001438,PROD0087,White,M,True
SKU001439,PROD0087,White,L,True
SKU001440,PROD0087,White,XL,True
SKU001441,PROD0087,Green,XS,True
SKU001442,PROD0087,Green,S,True
SKU001443,PROD0087,Green,M,True
SKU001444,PROD0087,Green,L,True
SKU001445,PROD0087,Green,XL,True
SKU001446,PROD0087,Orange,XS,True
SKU001447,PROD0087,Orange,S,True
SKU001448,PROD0087,Orange,M,True
SKU001449,PROD0087,Orange,L,True
SKU001450,PROD0087,Orange,XL,True
SKU001451,PROD0088,Black,XS,True
SKU001452,PROD0088,Black,S,True
SKU001453,PROD0088,Black,M,True
SKU001454,PROD0088,Black,L,True
SKU001455,PROD0088,Black,XL,True
SKU001456,PROD0088,White,XS,True
SKU001457,PROD0088,White,S,True
SKU001458,PROD0088,White,M,True
SKU001459,PROD0088,White,L,True
SKU001460,PROD0088,White,XL,True
SKU001461,PROD0088,Beige,XS,True
SKU001462,PROD0088,Beige,S,True
SKU001463,PROD0088,Beige,M,True
SKU001464,PROD0088,Beige,L,True
SKU001465,PROD0088,Beige,XL,True
SKU001466,PROD0089,Navy,XS,True
SKU001467,PROD0089,Navy,S,True
SKU001468,PROD0089,Navy,M,True
SKU001469,PROD0089,Navy,L,True
SKU001470,PROD0089,Navy,XL,True
SKU001471,PROD0089,White,XS,True
SKU001472,PROD0089,White,S,True
SKU001473,PROD0089,White,M,True
SKU001474,PROD0089,White,L,True
SKU001475,PROD0089,White,XL,True
SKU001476,PROD0089,Green,XS,True
SKU001477,PROD0089,Green,S,True
SKU001478,PROD0089,Green,M,True
SKU001479,PROD0089,Green,L,True
SKU001480,PROD0089,Green,XL,True
SKU001481,PROD0090,Orange,XS,True
SKU001482,PROD0090,Orange,S,True
SKU001483,PROD0090,Orange,M,True
SKU001484,PROD0090,Orange,L,True
SKU001485,PROD0090,Orange,XL,True
SKU001486,PROD0090,White,XS,True
SKU001487,PROD0090,White,S,True
SKU001488,PROD0090,White,M,True
SKU001489,PROD0090,White,L,True
SKU001490,PROD0090,White,XL,True
SKU001491,PROD0090,Black,XS,True
SKU001492,PROD0090,Black,S,True
SKU001493,PROD0090,Black,M,True
SKU001494,PROD0090,Black,L,True
SKU001495,PROD0090,Black,XL,True
SKU001496,PROD0091,Black,XS,True
SKU001497,PROD0091,Black,S,True
SKU001498,PROD0091,Black,M,True
SKU001499,PROD0091,Black,L,True
SKU001500,PROD0091,Black,XL,True
SKU001501,PROD0091,Brown,XS,True
SKU001502,PROD0091,Brown,S,True
SKU001503,PROD0091,Brown,M,True
SKU001504,PROD0091,Brown,L,True
SKU001505,PROD0091,Brown,XL,True
SKU001506,PROD0091,Blue,XS,True
SKU001507,PROD0091,Blue,S,True
SKU001508,PROD0091,Blue,M,True
SKU001509,PROD0091,Blue,L,True
SKU001510,PROD0091,Blue,XL,True
SKU001511,PROD0092,Navy,XS,True
SKU001512,PROD0092,Navy,S,True
SKU001513,PROD0092,Navy,M,True
SKU001514,PROD0092,Navy,L,True
SKU001515,PROD0092,Navy,XL,True
SKU001516,PROD0092,Green,XS,True
SKU001517,PROD0092,Green,S,True
SKU001518,PROD0092,Green,M,True
SKU001519,PROD0092,Green,L,True
SKU001520,PROD0092,Green,XL,True
SKU001521,PROD0092,Black,XS,True
SKU001522,PROD0092,Black,S,True
SKU001523,PROD0092,Black,M,True
SKU001524,PROD0092,Black,L,True
SKU001525,PROD0092,Black,XL,True
SKU001526,PROD0093,Grey,XS,True
SKU001527,PROD0093,Grey,S,True
SKU001528,PROD0093,Grey,M,True
SKU001529,PROD0093,Grey,L,True
SKU001530,PROD0093,Grey,XL,True
SKU001531,PROD0093,Red,XS,True
SKU001532,PROD0093,Red,S,True
SKU001533,PROD0093,Red,M,True
SKU001534,PROD0093,Red,L,True
SKU001535,PROD0093,Red,XL,True
SKU001536,PROD0093,Green,XS,True
SKU001537,PROD0093,Green,S,True
SKU001538,PROD0093,Green,M,True
SKU001539,PROD0093,Green,L,True
SKU001540,PROD0093,Green,XL,True
SKU001541,PROD0093,White,XS,True
SKU001542,PROD0093,White,S,True
SKU001543,PROD0093,White,M,True
SKU001544,PROD0093,White,L,True
SKU001545,PROD0093,White,XL,True
SKU001546,PROD0094,Black,XS,True
SKU001547,PROD0094,Black,S,True
SKU001548,PROD0094,Black,M,True
SKU001549,PROD0094,Black,L,True
SKU001550,PROD0094,Black,XL,True
SKU001551,PROD0094,Green,XS,True
SKU001552,PROD0094,Green,S,True
SKU001553,PROD0094,Green,M,True
SKU001554,PROD0094,Green,L,True
SKU001555,PROD0094,Green,XL,True
SKU001556,PROD0095,Navy,XS,True
SKU001557,PROD0095,Navy,S,True
SKU001558,PROD0095,Navy,M,True
SKU001559,PROD0095,Navy,L,True
SKU001560,PROD0095,Navy,XL,True
SKU001561,PROD0095,Beige,XS,True
SKU001562,PROD0095,Beige,S,True
SKU001563,PROD0095,Beige,M,True
SKU001564,PROD0095,Beige,L,True
SKU001565,PROD0095,Beige,XL,True
SKU001566,PROD0095,Blue,XS,True
SKU001567,PROD0095,Blue,S,True
SKU001568,PROD0095,Blue,M,True
SKU001569,PROD0095,Blue,L,True
SKU001570,PROD0095,Blue,XL,True
SKU001571,PROD0095,Black,XS,True
SKU001572,PROD0095,Black,S,True
SKU001573,PROD0095,Black,M,True
SKU001574,PROD0095,Black,L,True
SKU001575,PROD0095,Black,XL,True
SKU001576,PROD0096,Black,XS,True
SKU001577,PROD0096,Black,S,True
SKU001578,PROD0096,Black,M,True
SKU001579,PROD0096,Black,L,True
SKU001580,PROD0096,Black,XL,True
SKU001581,PROD0096,Navy,XS,True
SKU001582,PROD0096,Navy,S,True
SKU001583,PROD0096,Navy,M,True
SKU001584,PROD0096,Navy,L,True
SKU001585,PROD0096,Navy,XL,True
SKU001586,PROD0096,Beige,XS,True
SKU001587,PROD0096,Beige,S,True
SKU001588,PROD0096,Beige,M,True
SKU001589,PROD0096,Beige,L,True
SKU001590,PROD0096,Beige,XL,True
SKU001591,PROD0097,Black,XS,True
SKU001592,PROD0097,Black,S,True
SKU001593,PROD0097,Black,M,True
SKU001594,PROD0097,Black,L,True
SKU001595,PROD0097,Black,XL,True
SKU001596,PROD0097,Navy,XS,True
SKU001597,PROD0097,Navy,S,True
SKU001598,PROD0097,Navy,M,True
SKU001599,PROD0097,Navy,L,True
SKU001600,PROD0097,Navy,XL,True
SKU001601,PROD0097,Beige,XS,True
SKU001602,PROD0097,Beige,S,True
SKU001603,PROD0097,Beige,M,True
SKU001604,PROD0097,Beige,L,True
SKU001605,PROD0097,Beige,XL,True
SKU001606,PROD0097,White,XS,True
SKU001607,PROD0097,White,S,True
SKU001608,PROD0097,White,M,True
SKU001609,PROD0097,White,L,True
SKU001610,PROD0097,White,XL,True
SKU001611,PROD0098,Grey,XS,True
SKU001612,PROD0098,Grey,S,True
SKU001613,PROD0098,Grey,M,True
SKU001614,PROD0098,Grey,L,True
SKU001615,PROD0098,Grey,XL,True
SKU001616,PROD0098,Navy,XS,True
SKU001617,PROD0098,Navy,S,True
SKU001618,PROD0098,Navy,M,True
SKU001619,PROD0098,Navy,L,True
SKU001620,PROD0098,Navy,XL,True
SKU001621,PROD0098,White,XS,True
SKU001622,PROD0098,White,S,True
SKU001623,PROD0098,White,M,True
SKU001624,PROD0098,White,L,True
SKU001625,PROD0098,White,XL,True
SKU001626,PROD0098,Green,XS,True
SKU001627,PROD0098,Green,S,True
SKU001628,PROD0098,Green,M,True
SKU001629,PROD0098,Green,L,True
SKU001630,PROD0098,Green,XL,True
SKU001631,PROD0098,Black,XS,True
SKU001632,PROD0098,Black,S,True
SKU001633,PROD0098,Black,M,True
SKU001634,PROD0098,Black,L,True
SKU001635,PROD0098,Black,XL,True
SKU001636,PROD0099,Black,XS,True
SKU001637,PROD0099,Black,S,True
SKU001638,PROD0099,Black,M,True
SKU001639,PROD0099,Black,L,True
SKU001640,PROD0099,Black,XL,True
SKU001641,PROD0099,Grey,XS,True
SKU001642,PROD0099,Grey,S,True
SKU001643,PROD0099,Grey,M,True
SKU001644,PROD0099,Grey,L,True
SKU001645,PROD0099,Grey,XL,True
SKU001646,PROD0099,White,XS,True
SKU001647,PROD0099,White,S,True
SKU001648,PROD0099,White,M,True
SKU001649,PROD0099,White,L,True
SKU001650,PROD0099,White,XL,True
SKU001651,PROD0099,Blue,XS,True
SKU001652,PROD0099,Blue,S,True
SKU001653,PROD0099,Blue,M,True
SKU001654,PROD0099,Blue,L,True
SKU001655,PROD0099,Blue,XL,True
SKU001656,PROD0100,Green,XS,True
SKU001657,PROD0100,Green,S,True
SKU001658,PROD0100,Green,M,True
SKU001659,PROD0100,Green,L,True
SKU001660,PROD0100,Green,XL,True
SKU001661,PROD0100,Navy,XS,True
SKU001662,PROD0100,Navy,S,True
SKU001663,PROD0100,Navy,M,True
SKU001664,PROD0100,Navy,L,True
SKU001665,PROD0100,Navy,XL,True
SKU001666,PROD0100,Grey,XS,True
SKU001667,PROD0100,Grey,S,True
SKU001668,PROD0100,Grey,M,True
SKU001669,PROD0100,Grey,L,True
SKU001670,PROD0100,Grey,XL,True
SKU001671,PROD0101,Beige,XS,True
SKU001672,PROD0101,Beige,S,True
SKU001673,PROD0101,Beige,M,True
SKU001674,PROD0101,Beige,L,True
SKU001675,PROD0101,Beige,XL,True
SKU001676,PROD0101,Black,XS,True
SKU001677,PROD0101,Black,S,True
SKU001678,PROD0101,Black,M,True
SKU001679,PROD0101,Black,L,True
SKU001680,PROD0101,Black,XL,True
SKU001681,PROD0102,Beige,XS,True
SKU001682,PROD0102,Beige,S,True
SKU001683,PROD0102,Beige,M,True
SKU001684,PROD0102,Beige,L,True
SKU001685,PROD0102,Beige,XL,True
SKU001686,PROD0102,Grey,XS,True
SKU001687,PROD0102,Grey,S,True
SKU001688,PROD0102,Grey,M,True
SKU001689,PROD0102,Grey,L,True
SKU001690,PROD0102,Grey,XL,True
SKU001691,PROD0102,Brown,XS,True
SKU001692,PROD0102,Brown,S,True
SKU001693,PROD0102,Brown,M,True
SKU001694,PROD0102,Brown,L,True
SKU001695,PROD0102,Brown,XL,True
SKU001696,PROD0102,Orange,XS,True
SKU001697,PROD0102,Orange,S,True
SKU001698,PROD0102,Orange,M,True
SKU001699,PROD0102,Orange,L,True
SKU001700,PROD0102,Orange,XL,True
SKU001701,PROD0103,Black,XS,True
SKU001702,PROD0103,Black,S,True
SKU001703,PROD0103,Black,M,True
SKU001704,PROD0103,Black,L,True
SKU001705,PROD0103,Black,XL,True
SKU001706,PROD0103,Navy,XS,True
SKU001707,PROD0103,Navy,S,True
SKU001708,PROD0103,Navy,M,True
SKU001709,PROD0103,Navy,L,True
SKU001710,PROD0103,Navy,XL,True
SKU001711,PROD0103,Green,XS,True
SKU001712,PROD0103,Green,S,True
SKU001713,PROD0103,Green,M,True
SKU001714,PROD0103,Green,L,True
SKU001715,PROD0103,Green,XL,True
SKU001716,PROD0103,Red,XS,True
SKU001717,PROD0103,Red,S,True
SKU001718,PROD0103,Red,M,True
SKU001719,PROD0103,Red,L,True
SKU001720,PROD0103,Red,XL,True
SKU001721,PROD0104,Orange,XS,True
SKU001722,PROD0104,Orange,S,True
SKU001723,PROD0104,Orange,M,True
SKU001724,PROD0104,Orange,L,True
SKU001725,PROD0104,Orange,XL,True
SKU001726,PROD0104,Green,XS,True
SKU001727,PROD0104,Green,S,True
SKU001728,PROD0104,Green,M,True
SKU001729,PROD0104,Green,L,True
SKU001730,PROD0104,Green,XL,True
SKU001731,PROD0104,Grey,XS,True
SKU001732,PROD0104,Grey,S,True
SKU001733,PROD0104,Grey,M,True
SKU001734,PROD0104,Grey,L,True
SKU001735,PROD0104,Grey,XL,True
SKU001736,PROD0104,Black,XS,True
SKU001737,PROD0104,Black,S,True
SKU001738,PROD0104,Black,M,True
SKU001739,PROD0104,Black,L,True
SKU001740,PROD0104,Black,XL,True
SKU001741,PROD0105,Green,XS,True
SKU001742,PROD0105,Green,S,True
SKU001743,PROD0105,Green,M,True
SKU001744,PROD0105,Green,L,True
SKU001745,PROD0105,Green,XL,True
SKU001746,PROD0105,Black,XS,True
SKU001747,PROD0105,Black,S,True
SKU001748,PROD0105,Black,M,True
SKU001749,PROD0105,Black,L,True
SKU001750,PROD0105,Black,XL,True
SKU001751,PROD0105,Grey,XS,True
SKU001752,PROD0105,Grey,S,True
SKU001753,PROD0105,Grey,M,True
SKU001754,PROD0105,Grey,L,True
SKU001755,PROD0105,Grey,XL,True
SKU001756,PROD0105,Navy,XS,True
SKU001757,PROD0105,Navy,S,True
SKU001758,PROD0105,Navy,M,True
SKU001759,PROD0105,Navy,L,True
SKU001760,PROD0105,Navy,XL,True
SKU001761,PROD0105,Beige,XS,True
SKU001762,PROD0105,Beige,S,True
SKU001763,PROD0105,Beige,M,True
SKU001764,PROD0105,Beige,L,True
SKU001765,PROD0105,Beige,XL,True
SKU001766,PROD0106,Grey,XS,True
SKU001767,PROD0106,Grey,S,True
SKU001768,PROD0106,Grey,M,True
SKU001769,PROD0106,Grey,L,True
SKU001770,PROD0106,Grey,XL,True
SKU001771,PROD0106,Navy,XS,True
SKU001772,PROD0106,Navy,S,True
SKU001773,PROD0106,Navy,M,True
SKU001774,PROD0106,Navy,L,True
SKU001775,PROD0106,Navy,XL,True
SKU001776,PROD0106,Black,XS,True
SKU001777,PROD0106,Black,S,True
SKU001778,PROD0106,Black,M,True
SKU001779,PROD0106,Black,L,True
SKU001780,PROD0106,Black,XL,True
SKU001781,PROD0106,White,XS,True
SKU001782,PROD0106,White,S,True
SKU001783,PROD0106,White,M,True
SKU001784,PROD0106,White,L,True
SKU001785,PROD0106,White,XL,True
SKU001786,PROD0107,Black,XS,True
SKU001787,PROD0107,Black,S,True
SKU001788,PROD0107,Black,M,True
SKU001789,PROD0107,Black,L,True
SKU001790,PROD0107,Black,XL,True
SKU001791,PROD0107,Navy,XS,True
SKU001792,PROD0107,Navy,S,True
SKU001793,PROD0107,Navy,M,True
SKU001794,PROD0107,Navy,L,True
SKU001795,PROD0107,Navy,XL,True
SKU001796,PROD0107,Green,XS,True
SKU001797,PROD0107,Green,S,True
SKU001798,PROD0107,Green,M,True
SKU001799,PROD0107,Green,L,True
SKU001800,PROD0107,Green,XL,True
SKU001801,PROD0108,Navy,XS,True
SKU001802,PROD0108,Navy,S,True
SKU001803,PROD0108,Navy,M,True
SKU001804,PROD0108,Navy,L,True
SKU001805,PROD0108,Navy,XL,True
SKU001806,PROD0108,Orange,XS,True
SKU001807,PROD0108,Orange,S,True
SKU001808,PROD0108,Orange,M,True
SKU001809,PROD0108,Orange,L,True
SKU001810,PROD0108,Orange,XL,True
SKU001811,PROD0108,Brown,XS,True
SKU001812,PROD0108,Brown,S,True
SKU001813,PROD0108,Brown,M,True
SKU001814,PROD0108,Brown,L,True
SKU001815,PROD0108,Brown,XL,True
SKU001816,PROD0109,Green,XS,True
SKU001817,PROD0109,Green,S,True
SKU001818,PROD0109,Green,M,True
SKU001819,PROD0109,Green,L,True
SKU001820,PROD0109,Green,XL,True
SKU001821,PROD0109,Brown,XS,True
SKU001822,PROD0109,Brown,S,True
SKU001823,PROD0109,Brown,M,True
SKU001824,PROD0109,Brown,L,True
SKU001825,PROD0109,Brown,XL,True
SKU001826,PROD0109,Navy,XS,True
SKU001827,PROD0109,Navy,S,True
SKU001828,PROD0109,Navy,M,True
SKU001829,PROD0109,Navy,L,True
SKU001830,PROD0109,Navy,XL,True
SKU001831,PROD0110,White,XS,True
SKU001832,PROD0110,White,S,True
SKU001833,PROD0110,White,M,True
SKU001834,PROD0110,White,L,True
SKU001835,PROD0110,White,XL,True
SKU001836,PROD0110,Black,XS,True
SKU001837,PROD0110,Black,S,True
SKU001838,PROD0110,Black,M,True
SKU001839,PROD0110,Black,L,True
SKU001840,PROD0110,Black,XL,True
SKU001841,PROD0110,Green,XS,True
SKU001842,PROD0110,Green,S,True
SKU001843,PROD0110,Green,M,True
SKU001844,PROD0110,Green,L,True
SKU001845,PROD0110,Green,XL,True
SKU001846,PROD0110,Grey,XS,True
SKU001847,PROD0110,Grey,S,True
SKU001848,PROD0110,Grey,M,True
SKU001849,PROD0110,Grey,L,True
SKU001850,PROD0110,Grey,XL,True
SKU001851,PROD0111,Beige,XS,True
SKU001852,PROD0111,Beige,S,True
SKU001853,PROD0111,Beige,M,True
SKU001854,PROD0111,Beige,L,True
SKU001855,PROD0111,Beige,XL,True
SKU001856,PROD0111,Blue,XS,True
SKU001857,PROD0111,Blue,S,True
SKU001858,PROD0111,Blue,M,True
SKU001859,PROD0111,Blue,L,True
SKU001860,PROD0111,Blue,XL,True
SKU001861,PROD0111,White,XS,True
SKU001862,PROD0111,White,S,True
SKU001863,PROD0111,White,M,True
SKU001864,PROD0111,White,L,True
SKU001865,PROD0111,White,XL,True
SKU001866,PROD0111,Red,XS,True
SKU001867,PROD0111,Red,S,True
SKU001868,PROD0111,Red,M,True
SKU001869,PROD0111,Red,L,True
SKU001870,PROD0111,Red,XL,True
SKU001871,PROD0111,Black,XS,True
SKU001872,PROD0111,Black,S,True
SKU001873,PROD0111,Black,M,True
SKU001874,PROD0111,Black,L,True
SKU001875,PROD0111,Black,XL,True
SKU001876,PROD0112,Navy,XS,True
SKU001877,PROD0112,Navy,S,True
SKU001878,PROD0112,Navy,M,True
SKU001879,PROD0112,Navy,L,True
SKU001880,PROD0112,Navy,XL,True
SKU001881,PROD0112,Grey,XS,True
SKU001882,PROD0112,Grey,S,True
SKU001883,PROD0112,Grey,M,True
SKU001884,PROD0112,Grey,L,True
SKU001885,PROD0112,Grey,XL,True
SKU001886,PROD0112,White,XS,True
SKU001887,PROD0112,White,S,True
SKU001888,PROD0112,White,M,True
SKU001889,PROD0112,White,L,True
SKU001890,PROD0112,White,XL,True
SKU001891,PROD0112,Beige,XS,True
SKU001892,PROD0112,Beige,S,True
SKU001893,PROD0112,Beige,M,True
SKU001894,PROD0112,Beige,L,True
SKU001895,PROD0112,Beige,XL,True
SKU001896,PROD0113,Grey,XS,True
SKU001897,PROD0113,Grey,S,True
SKU001898,PROD0113,Grey,M,True
SKU001899,PROD0113,Grey,L,True
SKU001900,PROD0113,Grey,XL,True
SKU001901,PROD0113,Beige,XS,True
SKU001902,PROD0113,Beige,S,True
SKU001903,PROD0113,Beige,M,True
SKU001904,PROD0113,Beige,L,True
SKU001905,PROD0113,Beige,XL,True
SKU001906,PROD0113,Black,XS,True
SKU001907,PROD0113,Black,S,True
SKU001908,PROD0113,Black,M,True
SKU001909,PROD0113,Black,L,True
SKU001910,PROD0113,Black,XL,True
SKU001911,PROD0114,Brown,XS,True
SKU001912,PROD0114,Brown,S,True
SKU001913,PROD0114,Brown,M,True
SKU001914,PROD0114,Brown,L,True
SKU001915,PROD0114,Brown,XL,True
SKU001916,PROD0114,Navy,XS,True
SKU001917,PROD0114,Navy,S,True
SKU001918,PROD0114,Navy,M,True
SKU001919,PROD0114,Navy,L,True
SKU001920,PROD0114,Navy,XL,True
SKU001921,PROD0115,Navy,XS,True
SKU001922,PROD0115,Navy,S,True
SKU001923,PROD0115,Navy,M,True
SKU001924,PROD0115,Navy,L,True
SKU001925,PROD0115,Navy,XL,True
SKU001926,PROD0115,Red,XS,True
SKU001927,PROD0115,Red,S,True
SKU001928,PROD0115,Red,M,True
SKU001929,PROD0115,Red,L,True
SKU001930,PROD0115,Red,XL,True
SKU001931,PROD0115,Beige,XS,True
SKU001932,PROD0115,Beige,S,True
SKU001933,PROD0115,Beige,M,True
SKU001934,PROD0115,Beige,L,True
SKU001935,PROD0115,Beige,XL,True
SKU001936,PROD0116,Green,XS,True
SKU001937,PROD0116,Green,S,True
SKU001938,PROD0116,Green,M,True
SKU001939,PROD0116,Green,L,True
SKU001940,PROD0116,Green,XL,True
SKU001941,PROD0116,Blue,XS,True
SKU001942,PROD0116,Blue,S,True
SKU001943,PROD0116,Blue,M,True
SKU001944,PROD0116,Blue,L,True
SKU001945,PROD0116,Blue,XL,True
SKU001946,PROD0116,Black,XS,True
SKU001947,PROD0116,Black,S,True
SKU001948,PROD0116,Black,M,True
SKU001949,PROD0116,Black,L,True
SKU001950,PROD0116,Black,XL,True
SKU001951,PROD0116,Beige,XS,True
SKU001952,PROD0116,Beige,S,True
SKU001953,PROD0116,Beige,M,True
SKU001954,PROD0116,Beige,L,True
SKU001955,PROD0116,Beige,XL,True
SKU001956,PROD0116,White,XS,True
SKU001957,PROD0116,White,S,True
SKU001958,PROD0116,White,M,True
SKU001959,PROD0116,White,L,True
SKU001960,PROD0116,White,XL,True
SKU001961,PROD0117,Grey,XS,True
SKU001962,PROD0117,Grey,S,True
SKU001963,PROD0117,Grey,M,True
SKU001964,PROD0117,Grey,L,True
SKU001965,PROD0117,Grey,XL,True
SKU001966,PROD0117,Red,XS,True
SKU001967,PROD0117,Red,S,True
SKU001968,PROD0117,Red,M,True
SKU001969,PROD0117,Red,L,True
SKU001970,PROD0117,Red,XL,True
SKU001971,PROD0117,Brown,XS,True
SKU001972,PROD0117,Brown,S,True
SKU001973,PROD0117,Brown,M,True
SKU001974,PROD0117,Brown,L,True
SKU001975,PROD0117,Brown,XL,True
SKU001976,PROD0118,White,XS,True
SKU001977,PROD0118,White,S,True
SKU001978,PROD0118,White,M,True
SKU001979,PROD0118,White,L,True
SKU001980,PROD0118,White,XL,True
SKU001981,PROD0118,Beige,XS,True
SKU001982,PROD0118,Beige,S,True
SKU001983,PROD0118,Beige,M,True
SKU001984,PROD0118,Beige,L,True
SKU001985,PROD0118,Beige,XL,True
SKU001986,PROD0118,Navy,XS,True
SKU001987,PROD0118,Navy,S,True
SKU001988,PROD0118,Navy,M,True
SKU001989,PROD0118,Navy,L,True
SKU001990,PROD0118,Navy,XL,True
SKU001991,PROD0119,White,XS,True
SKU001992,PROD0119,White,S,True
SKU001993,PROD0119,White,M,True
SKU001994,PROD0119,White,L,True
SKU001995,PROD0119,White,XL,True
SKU001996,PROD0119,Grey,XS,True
SKU001997,PROD0119,Grey,S,True
SKU001998,PROD0119,Grey,M,True
SKU001999,PROD0119,Grey,L,True
SKU002000,PROD0119,Grey,XL,True
SKU002001,PROD0119,Black,XS,True
SKU002002,PROD0119,Black,S,True
SKU002003,PROD0119,Black,M,True
SKU002004,PROD0119,Black,L,True
SKU002005,PROD0119,Black,XL,True
SKU002006,PROD0119,Beige,XS,True
SKU002007,PROD0119,Beige,S,True
SKU002008,PROD0119,Beige,M,True
SKU002009,PROD0119,Beige,L,True
SKU002010,PROD0119,Beige,XL,True
SKU002011,PROD0120,Black,XS,True
SKU002012,PROD0120,Black,S,True
SKU002013,PROD0120,Black,M,True
SKU002014,PROD0120,Black,L,True
SKU002015,PROD0120,Black,XL,True
SKU002016,PROD0120,Beige,XS,True
SKU002017,PROD0120,Beige,S,True
SKU002018,PROD0120,Beige,M,True
SKU002019,PROD0120,Beige,L,True
SKU002020,PROD0120,Beige,XL,True
SKU002021,PROD0120,Grey,XS,True
SKU002022,PROD0120,Grey,S,True
SKU002023,PROD0120,Grey,M,True
SKU002024,PROD0120,Grey,L,True
SKU002025,PROD0120,Grey,XL,True
SKU002026,PROD0120,Green,XS,True
SKU002027,PROD0120,Green,S,True
SKU002028,PROD0120,Green,M,True
SKU002029,PROD0120,Green,L,True
SKU002030,PROD0120,Green,XL,True
SKU002031,PROD0121,Navy,XS,True
SKU002032,PROD0121,Navy,S,True
SKU002033,PROD0121,Navy,M,True
SKU002034,PROD0121,Navy,L,True
SKU002035,PROD0121,Navy,XL,True
SKU002036,PROD0121,White,XS,True
SKU002037,PROD0121,White,S,True
SKU002038,PROD0121,White,M,True
SKU002039,PROD0121,White,L,True
SKU002040,PROD0121,White,XL,True
SKU002041,PROD0121,Green,XS,True
SKU002042,PROD0121,Green,S,True
SKU002043,PROD0121,Green,M,True
SKU002044,PROD0121,Green,L,True
SKU002045,PROD0121,Green,XL,True
SKU002046,PROD0122,Grey,XS,True
SKU002047,PROD0122,Grey,S,True
SKU002048,PROD0122,Grey,M,True
SKU002049,PROD0122,Grey,L,True
SKU002050,PROD0122,Grey,XL,True
SKU002051,PROD0122,Navy,XS,True
SKU002052,PROD0122,Navy,S,True
SKU002053,PROD0122,Navy,M,True
SKU002054,PROD0122,Navy,L,True
SKU002055,PROD0122,Navy,XL,True
SKU002056,PROD0122,White,XS,True
SKU002057,PROD0122,White,S,True
SKU002058,PROD0122,White,M,True
SKU002059,PROD0122,White,L,True
SKU002060,PROD0122,White,XL,True
SKU002061,PROD0123,Black,XS,True
SKU002062,PROD0123,Black,S,True
SKU002063,PROD0123,Black,M,True
SKU002064,PROD0123,Black,L,True
SKU002065,PROD0123,Black,XL,True
SKU002066,PROD0123,Navy,XS,True
SKU002067,PROD0123,Navy,S,True
SKU002068,PROD0123,Navy,M,True
SKU002069,PROD0123,Navy,L,True
SKU002070,PROD0123,Navy,XL,True
SKU002071,PROD0123,Green,XS,True
SKU002072,PROD0123,Green,S,True
SKU002073,PROD0123,Green,M,True
SKU002074,PROD0123,Green,L,True
SKU002075,PROD0123,Green,XL,True
SKU002076,PROD0124,Brown,XS,True
SKU002077,PROD0124,Brown,S,True
SKU002078,PROD0124,Brown,M,True
SKU002079,PROD0124,Brown,L,True
SKU002080,PROD0124,Brown,XL,True
SKU002081,PROD0124,Navy,XS,True
SKU002082,PROD0124,Navy,S,True
SKU002083,PROD0124,Navy,M,True
SKU002084,PROD0124,Navy,L,True
SKU002085,PROD0124,Navy,XL,True
SKU002086,PROD0124,Green,XS,True
SKU002087,PROD0124,Green,S,True
SKU002088,PROD0124,Green,M,True
SKU002089,PROD0124,Green,L,True
SKU002090,PROD0124,Green,XL,True
SKU002091,PROD0125,Green,XS,True
SKU002092,PROD0125,Green,S,True
SKU002093,PROD0125,Green,M,True
SKU002094,PROD0125,Green,L,True
SKU002095,PROD0125,Green,XL,True
SKU002096,PROD0125,Orange,XS,True
SKU002097,PROD0125,Orange,S,True
SKU002098,PROD0125,Orange,M,True
SKU002099,PROD0125,Orange,L,True
SKU002100,PROD0125,Orange,XL,True
SKU002101,PROD0125,Beige,XS,True
SKU002102,PROD0125,Beige,S,True
SKU002103,PROD0125,Beige,M,True
SKU002104,PROD0125,Beige,L,True
SKU002105,PROD0125,Beige,XL,True
SKU002106,PROD0125,Blue,XS,True
SKU002107,PROD0125,Blue,S,True
SKU002108,PROD0125,Blue,M,True
SKU002109,PROD0125,Blue,L,True
SKU002110,PROD0125,Blue,XL,True
SKU002111,PROD0126,Orange,XS,True
SKU002112,PROD0126,Orange,S,True
SKU002113,PROD0126,Orange,M,True
SKU002114,PROD0126,Orange,L,True
SKU002115,PROD0126,Orange,XL,True
SKU002116,PROD0126,Blue,XS,True
SKU002117,PROD0126,Blue,S,True
SKU002118,PROD0126,Blue,M,True
SKU002119,PROD0126,Blue,L,True
SKU002120,PROD0126,Blue,XL,True
SKU002121,PROD0126,Black,XS,True
SKU002122,PROD0126,Black,S,True
SKU002123,PROD0126,Black,M,True
SKU002124,PROD0126,Black,L,True
SKU002125,PROD0126,Black,XL,True
SKU002126,PROD0127,Beige,XS,True
SKU002127,PROD0127,Beige,S,True
SKU002128,PROD0127,Beige,M,True
SKU002129,PROD0127,Beige,L,True
SKU002130,PROD0127,Beige,XL,True
SKU002131,PROD0127,Black,XS,True
SKU002132,PROD0127,Black,S,True
SKU002133,PROD0127,Black,M,True
SKU002134,PROD0127,Black,L,True
SKU002135,PROD0127,Black,XL,True
SKU002136,PROD0127,White,XS,True
SKU002137,PROD0127,White,S,True
SKU002138,PROD0127,White,M,True
SKU002139,PROD0127,White,L,True
SKU002140,PROD0127,White,XL,True
SKU002141,PROD0128,Black,XS,True
SKU002142,PROD0128,Black,S,True
SKU002143,PROD0128,Black,M,True
SKU002144,PROD0128,Black,L,True
SKU002145,PROD0128,Black,XL,True
SKU002146,PROD0128,Grey,XS,True
SKU002147,PROD0128,Grey,S,True
SKU002148,PROD0128,Grey,M,True
SKU002149,PROD0128,Grey,L,True
SKU002150,PROD0128,Grey,XL,True
SKU002151,PROD0128,Green,XS,True
SKU002152,PROD0128,Green,S,True
SKU002153,PROD0128,Green,M,True
SKU002154,PROD0128,Green,L,True
SKU002155,PROD0128,Green,XL,True
SKU002156,PROD0129,Orange,XS,True
SKU002157,PROD0129,Orange,S,True
SKU002158,PROD0129,Orange,M,True
SKU002159,PROD0129,Orange,L,True
SKU002160,PROD0129,Orange,XL,True
SKU002161,PROD0129,Navy,XS,True
SKU002162,PROD0129,Navy,S,True
SKU002163,PROD0129,Navy,M,True
SKU002164,PROD0129,Navy,L,True
SKU002165,PROD0129,Navy,XL,True
SKU002166,PROD0129,Black,XS,True
SKU002167,PROD0129,Black,S,True
SKU002168,PROD0129,Black,M,True
SKU002169,PROD0129,Black,L,True
SKU002170,PROD0129,Black,XL,True
SKU002171,PROD0129,Beige,XS,True
SKU002172,PROD0129,Beige,S,True
SKU002173,PROD0129,Beige,M,True
SKU002174,PROD0129,Beige,L,True
SKU002175,PROD0129,Beige,XL,True
SKU002176,PROD0130,Black,XS,True
SKU002177,PROD0130,Black,S,True
SKU002178,PROD0130,Black,M,True
SKU002179,PROD0130,Black,L,True
SKU002180,PROD0130,Black,XL,True
SKU002181,PROD0130,Beige,XS,True
SKU002182,PROD0130,Beige,S,True
SKU002183,PROD0130,Beige,M,True
SKU002184,PROD0130,Beige,L,True
SKU002185,PROD0130,Beige,XL,True
SKU002186,PROD0130,White,XS,True
SKU002187,PROD0130,White,S,True
SKU002188,PROD0130,White,M,True
SKU002189,PROD0130,White,L,True
SKU002190,PROD0130,White,XL,True
SKU002191,PROD0130,Grey,XS,True
SKU002192,PROD0130,Grey,S,True
SKU002193,PROD0130,Grey,M,True
SKU002194,PROD0130,Grey,L,True
SKU002195,PROD0130,Grey,XL,True
SKU002196,PROD0131,Beige,XS,True
SKU002197,PROD0131,Beige,S,True
SKU002198,PROD0131,Beige,M,True
SKU002199,PROD0131,Beige,L,True
SKU002200,PROD0131,Beige,XL,True
SKU002201,PROD0131,Navy,XS,True
SKU002202,PROD0131,Navy,S,True
SKU002203,PROD0131,Navy,M,True
SKU002204,PROD0131,Navy,L,True
SKU002205,PROD0131,Navy,XL,True
SKU002206,PROD0131,Black,XS,True
SKU002207,PROD0131,Black,S,True
SKU002208,PROD0131,Black,M,True
SKU002209,PROD0131,Black,L,True
SKU002210,PROD0131,Black,XL,True
SKU002211,PROD0132,Black,XS,True
SKU002212,PROD0132,Black,S,True
SKU002213,PROD0132,Black,M,True
SKU002214,PROD0132,Black,L,True
SKU002215,PROD0132,Black,XL,True
SKU002216,PROD0132,Blue,XS,True
SKU002217,PROD0132,Blue,S,True
SKU002218,PROD0132,Blue,M,True
SKU002219,PROD0132,Blue,L,True
SKU002220,PROD0132,Blue,XL,True
SKU002221,PROD0132,Navy,XS,True
SKU002222,PROD0132,Navy,S,True
SKU002223,PROD0132,Navy,M,True
SKU002224,PROD0132,Navy,L,True
SKU002225,PROD0132,Navy,XL,True
SKU002226,PROD0132,Green,XS,True
SKU002227,PROD0132,Green,S,True
SKU002228,PROD0132,Green,M,True
SKU002229,PROD0132,Green,L,True
SKU002230,PROD0132,Green,XL,True
SKU002231,PROD0133,Black,XS,True
SKU002232,PROD0133,Black,S,True
SKU002233,PROD0133,Black,M,True
SKU002234,PROD0133,Black,L,True
SKU002235,PROD0133,Black,XL,True
SKU002236,PROD0133,Grey,XS,True
SKU002237,PROD0133,Grey,S,True
SKU002238,PROD0133,Grey,M,True
SKU002239,PROD0133,Grey,L,True
SKU002240,PROD0133,Grey,XL,True
SKU002241,PROD0133,Beige,XS,True
SKU002242,PROD0133,Beige,S,True
SKU002243,PROD0133,Beige,M,True
SKU002244,PROD0133,Beige,L,True
SKU002245,PROD0133,Beige,XL,True
SKU002246,PROD0133,Brown,XS,True
SKU002247,PROD0133,Brown,S,True
SKU002248,PROD0133,Brown,M,True
SKU002249,PROD0133,Brown,L,True
SKU002250,PROD0133,Brown,XL,True
SKU002251,PROD0134,Blue,XS,True
SKU002252,PROD0134,Blue,S,True
SKU002253,PROD0134,Blue,M,True
SKU002254,PROD0134,Blue,L,True
SKU002255,PROD0134,Blue,XL,True
SKU002256,PROD0134,Navy,XS,True
SKU002257,PROD0134,Navy,S,True
SKU002258,PROD0134,Navy,M,True
SKU002259,PROD0134,Navy,L,True
SKU002260,PROD0134,Navy,XL,True
SKU002261,PROD0134,Green,XS,True
SKU002262,PROD0134,Green,S,True
SKU002263,PROD0134,Green,M,True
SKU002264,PROD0134,Green,L,True
SKU002265,PROD0134,Green,XL,True
SKU002266,PROD0135,Grey,XS,True
SKU002267,PROD0135,Grey,S,True
SKU002268,PROD0135,Grey,M,True
SKU002269,PROD0135,Grey,L,True
SKU002270,PROD0135,Grey,XL,True
SKU002271,PROD0135,Brown,XS,True
SKU002272,PROD0135,Brown,S,True
SKU002273,PROD0135,Brown,M,True
SKU002274,PROD0135,Brown,L,True
SKU002275,PROD0135,Brown,XL,True
SKU002276,PROD0136,Green,XS,True
SKU002277,PROD0136,Green,S,True
SKU002278,PROD0136,Green,M,True
SKU002279,PROD0136,Green,L,True
SKU002280,PROD0136,Green,XL,True
SKU002281,PROD0136,Black,XS,True
SKU002282,PROD0136,Black,S,True
SKU002283,PROD0136,Black,M,True
SKU002284,PROD0136,Black,L,True
SKU002285,PROD0136,Black,XL,True
SKU002286,PROD0136,Navy,XS,True
SKU002287,PROD0136,Navy,S,True
SKU002288,PROD0136,Navy,M,True
SKU002289,PROD0136,Navy,L,True
SKU002290,PROD0136,Navy,XL,True
SKU002291,PROD0137,Brown,XS,True
SKU002292,PROD0137,Brown,S,True
SKU002293,PROD0137,Brown,M,True
SKU002294,PROD0137,Brown,L,True
SKU002295,PROD0137,Brown,XL,True
SKU002296,PROD0137,Beige,XS,True
SKU002297,PROD0137,Beige,S,True
SKU002298,PROD0137,Beige,M,True
SKU002299,PROD0137,Beige,L,True
SKU002300,PROD0137,Beige,XL,True
SKU002301,PROD0137,Navy,XS,True
SKU002302,PROD0137,Navy,S,True
SKU002303,PROD0137,Navy,M,True
SKU002304,PROD0137,Navy,L,True
SKU002305,PROD0137,Navy,XL,True
SKU002306,PROD0137,Grey,XS,True
SKU002307,PROD0137,Grey,S,True
SKU002308,PROD0137,Grey,M,True
SKU002309,PROD0137,Grey,L,True
SKU002310,PROD0137,Grey,XL,True
SKU002311,PROD0138,Green,XS,True
SKU002312,PROD0138,Green,S,True
SKU002313,PROD0138,Green,M,True
SKU002314,PROD0138,Green,L,True
SKU002315,PROD0138,Green,XL,True
SKU002316,PROD0138,Grey,XS,True
SKU002317,PROD0138,Grey,S,True
SKU002318,PROD0138,Grey,M,True
SKU002319,PROD0138,Grey,L,True
SKU002320,PROD0138,Grey,XL,True
SKU002321,PROD0138,Orange,XS,True
SKU002322,PROD0138,Orange,S,True
SKU002323,PROD0138,Orange,M,True
SKU002324,PROD0138,Orange,L,True
SKU002325,PROD0138,Orange,XL,True
SKU002326,PROD0139,Grey,XS,True
SKU002327,PROD0139,Grey,S,True
SKU002328,PROD0139,Grey,M,True
SKU002329,PROD0139,Grey,L,True
SKU002330,PROD0139,Grey,XL,True
SKU002331,PROD0139,Red,XS,True
SKU002332,PROD0139,Red,S,True
SKU002333,PROD0139,Red,M,True
SKU002334,PROD0139,Red,L,True
SKU002335,PROD0139,Red,XL,True
SKU002336,PROD0139,Green,XS,True
SKU002337,PROD0139,Green,S,True
SKU002338,PROD0139,Green,M,True
SKU002339,PROD0139,Green,L,True
SKU002340,PROD0139,Green,XL,True
SKU002341,PROD0140,White,XS,True
SKU002342,PROD0140,White,S,True
SKU002343,PROD0140,White,M,True
SKU002344,PROD0140,White,L,True
SKU002345,PROD0140,White,XL,True
SKU002346,PROD0140,Black,XS,True
SKU002347,PROD0140,Black,S,True
SKU002348,PROD0140,Black,M,True
SKU002349,PROD0140,Black,L,True
SKU002350,PROD0140,Black,XL,True
SKU002351,PROD0140,Navy,XS,True
SKU002352,PROD0140,Navy,S,True
SKU002353,PROD0140,Navy,M,True
SKU002354,PROD0140,Navy,L,True
SKU002355,PROD0140,Navy,XL,True
SKU002356,PROD0141,Black,XS,True
SKU002357,PROD0141,Black,S,True
SKU002358,PROD0141,Black,M,True
SKU002359,PROD0141,Black,L,True
SKU002360,PROD0141,Black,XL,True
SKU002361,PROD0141,Beige,XS,True
SKU002362,PROD0141,Beige,S,True
SKU002363,PROD0141,Beige,M,True
SKU002364,PROD0141,Beige,L,True
SKU002365,PROD0141,Beige,XL,True
SKU002366,PROD0141,Green,XS,True
SKU002367,PROD0141,Green,S,True
SKU002368,PROD0141,Green,M,True
SKU002369,PROD0141,Green,L,True
SKU002370,PROD0141,Green,XL,True
SKU002371,PROD0142,Black,XS,True
SKU002372,PROD0142,Black,S,True
SKU002373,PROD0142,Black,M,True
SKU002374,PROD0142,Black,L,True
SKU002375,PROD0142,Black,XL,True
SKU002376,PROD0142,Beige,XS,True
SKU002377,PROD0142,Beige,S,True
SKU002378,PROD0142,Beige,M,True
SKU002379,PROD0142,Beige,L,True
SKU002380,PROD0142,Beige,XL,True
SKU002381,PROD0142,Brown,XS,True
SKU002382,PROD0142,Brown,S,True
SKU002383,PROD0142,Brown,M,True
SKU002384,PROD0142,Brown,L,True
SKU002385,PROD0142,Brown,XL,True
SKU002386,PROD0142,Grey,XS,True
SKU002387,PROD0142,Grey,S,True
SKU002388,PROD0142,Grey,M,True
SKU002389,PROD0142,Grey,L,True
SKU002390,PROD0142,Grey,XL,True
SKU002391,PROD0143,Navy,XS,True
SKU002392,PROD0143,Navy,S,True
SKU002393,PROD0143,Navy,M,True
SKU002394,PROD0143,Navy,L,True
SKU002395,PROD0143,Navy,XL,True
SKU002396,PROD0143,Grey,XS,True
SKU002397,PROD0143,Grey,S,True
SKU002398,PROD0143,Grey,M,True
SKU002399,PROD0143,Grey,L,True
SKU002400,PROD0143,Grey,XL,True
SKU002401,PROD0143,Black,XS,True
SKU002402,PROD0143,Black,S,True
SKU002403,PROD0143,Black,M,True
SKU002404,PROD0143,Black,L,True
SKU002405,PROD0143,Black,XL,True
SKU002406,PROD0143,White,XS,True
SKU002407,PROD0143,White,S,True
SKU002408,PROD0143,White,M,True
SKU002409,PROD0143,White,L,True
SKU002410,PROD0143,White,XL,True
SKU002411,PROD0144,Grey,XS,True
SKU002412,PROD0144,Grey,S,True
SKU002413,PROD0144,Grey,M,True
SKU002414,PROD0144,Grey,L,True
SKU002415,PROD0144,Grey,XL,True
SKU002416,PROD0144,Red,XS,True
SKU002417,PROD0144,Red,S,True
SKU002418,PROD0144,Red,M,True
SKU002419,PROD0144,Red,L,True
SKU002420,PROD0144,Red,XL,True
SKU002421,PROD0144,Navy,XS,True
SKU002422,PROD0144,Navy,S,True
SKU002423,PROD0144,Navy,M,True
SKU002424,PROD0144,Navy,L,True
SKU002425,PROD0144,Navy,XL,True
SKU002426,PROD0145,Orange,XS,True
SKU002427,PROD0145,Orange,S,True
SKU002428,PROD0145,Orange,M,True
SKU002429,PROD0145,Orange,L,True
SKU002430,PROD0145,Orange,XL,True
SKU002431,PROD0145,Navy,XS,True
SKU002432,PROD0145,Navy,S,True
SKU002433,PROD0145,Navy,M,True
SKU002434,PROD0145,Navy,L,True
SKU002435,PROD0145,Navy,XL,True
SKU002436,PROD0145,Red,XS,True
SKU002437,PROD0145,Red,S,True
SKU002438,PROD0145,Red,M,True
SKU002439,PROD0145,Red,L,True
SKU002440,PROD0145,Red,XL,True
SKU002441,PROD0145,White,XS,True
SKU002442,PROD0145,White,S,True
SKU002443,PROD0145,White,M,True
SKU002444,PROD0145,White,L,True
SKU002445,PROD0145,White,XL,True
SKU002446,PROD0145,Beige,XS,True
SKU002447,PROD0145,Beige,S,True
SKU002448,PROD0145,Beige,M,True
SKU002449,PROD0145,Beige,L,True
SKU002450,PROD0145,Beige,XL,True
SKU002451,PROD0146,Black,XS,True
SKU002452,PROD0146,Black,S,True
SKU002453,PROD0146,Black,M,True
SKU002454,PROD0146,Black,L,True
SKU002455,PROD0146,Black,XL,True
SKU002456,PROD0146,Green,XS,True
SKU002457,PROD0146,Green,S,True
SKU002458,PROD0146,Green,M,True
SKU002459,PROD0146,Green,L,True
SKU002460,PROD0146,Green,XL,True
SKU002461,PROD0146,Navy,XS,True
SKU002462,PROD0146,Navy,S,True
SKU002463,PROD0146,Navy,M,True
SKU002464,PROD0146,Navy,L,True
SKU002465,PROD0146,Navy,XL,True
SKU002466,PROD0146,White,XS,True
SKU002467,PROD0146,White,S,True
SKU002468,PROD0146,White,M,True
SKU002469,PROD0146,White,L,True
SKU002470,PROD0146,White,XL,True
SKU002471,PROD0147,Grey,XS,True
SKU002472,PROD0147,Grey,S,True
SKU002473,PROD0147,Grey,M,True
SKU002474,PROD0147,Grey,L,True
SKU002475,PROD0147,Grey,XL,True
SKU002476,PROD0147,Red,XS,True
SKU002477,PROD0147,Red,S,True
SKU002478,PROD0147,Red,M,True
SKU002479,PROD0147,Red,L,True
SKU002480,PROD0147,Red,XL,True
SKU002481,PROD0148,Brown,XS,True
SKU002482,PROD0148,Brown,S,True
SKU002483,PROD0148,Brown,M,True
SKU002484,PROD0148,Brown,L,True
SKU002485,PROD0148,Brown,XL,True
SKU002486,PROD0148,Orange,XS,True
SKU002487,PROD0148,Orange,S,True
SKU002488,PROD0148,Orange,M,True
SKU002489,PROD0148,Orange,L,True
SKU002490,PROD0148,Orange,XL,True
SKU002491,PROD0148,Black,XS,True
SKU002492,PROD0148,Black,S,True
SKU002493,PROD0148,Black,M,True
SKU002494,PROD0148,Black,L,True
SKU002495,PROD0148,Black,XL,True
SKU002496,PROD0148,Beige,XS,True
SKU002497,PROD0148,Beige,S,True
SKU002498,PROD0148,Beige,M,True
SKU002499,PROD0148,Beige,L,True
SKU002500,PROD0148,Beige,XL,True
SKU002501,PROD0149,White,XS,True
SKU002502,PROD0149,White,S,True
SKU002503,PROD0149,White,M,True
SKU002504,PROD0149,White,L,True
SKU002505,PROD0149,White,XL,True
SKU002506,PROD0149,Blue,XS,True
SKU002507,PROD0149,Blue,S,True
SKU002508,PROD0149,Blue,M,True
SKU002509,PROD0149,Blue,L,True
SKU002510,PROD0149,Blue,XL,True
SKU002511,PROD0149,Navy,XS,True
SKU002512,PROD0149,Navy,S,True
SKU002513,PROD0149,Navy,M,True
SKU002514,PROD0149,Navy,L,True
SKU002515,PROD0149,Navy,XL,True
SKU002516,PROD0150,Green,XS,True
SKU002517,PROD0150,Green,S,True
SKU002518,PROD0150,Green,M,True
SKU002519,PROD0150,Green,L,True
SKU002520,PROD0150,Green,XL,True
SKU002521,PROD0150,Beige,XS,True
SKU002522,PROD0150,Beige,S,True
SKU002523,PROD0150,Beige,M,True
SKU002524,PROD0150,Beige,L,True
SKU002525,PROD0150,Beige,XL,True
SKU002526,PROD0150,Navy,XS,True
SKU002527,PROD0150,Navy,S,True
SKU002528,PROD0150,Navy,M,True
SKU002529,PROD0150,Navy,L,True
SKU002530,PROD0150,Navy,XL,True
SKU002531,PROD0151,Grey,ONE_SIZE,True
SKU002532,PROD0151,Beige,ONE_SIZE,True
SKU002533,PROD0152,Grey,ONE_SIZE,True
SKU002534,PROD0152,Navy,ONE_SIZE,True
SKU002535,PROD0153,Brown,ONE_SIZE,True
SKU002536,PROD0153,Grey,ONE_SIZE,True
SKU002537,PROD0154,Navy,ONE_SIZE,True
SKU002538,PROD0154,Red,ONE_SIZE,True
SKU002539,PROD0154,Brown,ONE_SIZE,True
SKU002540,PROD0155,Blue,ONE_SIZE,True
SKU002541,PROD0155,Grey,ONE_SIZE,True
SKU002542,PROD0156,Blue,ONE_SIZE,True
SKU002543,PROD0156,Green,ONE_SIZE,True
SKU002544,PROD0157,White,ONE_SIZE,True
SKU002545,PROD0157,Black,ONE_SIZE,True
SKU002546,PROD0157,Grey,ONE_SIZE,True
SKU002547,PROD0158,Green,ONE_SIZE,True
SKU002548,PROD0158,Grey,ONE_SIZE,True
SKU002549,PROD0158,Beige,ONE_SIZE,True
SKU002550,PROD0159,Black,ONE_SIZE,True
SKU002551,PROD0159,Green,ONE_SIZE,True
SKU002552,PROD0159,Beige,ONE_SIZE,True
SKU002553,PROD0160,Navy,ONE_SIZE,True
SKU002554,PROD0160,Orange,ONE_SIZE,True
SKU002555,PROD0160,Beige,ONE_SIZE,True
SKU002556,PROD0161,Beige,S,True
SKU002557,PROD0161,Beige,M,True
SKU002558,PROD0161,Beige,L,True
SKU002559,PROD0161,Black,S,True
SKU002560,PROD0161,Black,M,True
SKU002561,PROD0161,Black,L,True
SKU002562,PROD0162,Brown,S,True
SKU002563,PROD0162,Brown,M,True
SKU002564,PROD0162,Brown,L,True
SKU002565,PROD0162,Red,S,True
SKU002566,PROD0162,Red,M,True
SKU002567,PROD0162,Red,L,True
SKU002568,PROD0163,Black,S,True
SKU002569,PROD0163,Black,M,True
SKU002570,PROD0163,Black,L,True
SKU002571,PROD0163,Grey,S,True
SKU002572,PROD0163,Grey,M,True
SKU002573,PROD0163,Grey,L,True
SKU002574,PROD0163,Navy,S,True
SKU002575,PROD0163,Navy,M,True
SKU002576,PROD0163,Navy,L,True
SKU002577,PROD0164,Navy,S,True
SKU002578,PROD0164,Navy,M,True
SKU002579,PROD0164,Navy,L,True
SKU002580,PROD0164,Beige,S,True
SKU002581,PROD0164,Beige,M,True
SKU002582,PROD0164,Beige,L,True
SKU002583,PROD0164,Green,S,True
SKU002584,PROD0164,Green,M,True
SKU002585,PROD0164,Green,L,True
SKU002586,PROD0164,Black,S,True
SKU002587,PROD0164,Black,M,True
SKU002588,PROD0164,Black,L,True
SKU002589,PROD0165,Black,S,True
SKU002590,PROD0165,Black,M,True
SKU002591,PROD0165,Black,L,True
SKU002592,PROD0165,Green,S,True
SKU002593,PROD0165,Green,M,True
SKU002594,PROD0165,Green,L,True
SKU002595,PROD0166,Blue,S,True
SKU002596,PROD0166,Blue,M,True
SKU002597,PROD0166,Blue,L,True
SKU002598,PROD0166,Grey,S,True
SKU002599,PROD0166,Grey,M,True
SKU002600,PROD0166,Grey,L,True
SKU002601,PROD0166,Red,S,True
SKU002602,PROD0166,Red,M,True
SKU002603,PROD0166,Red,L,True
SKU002604,PROD0166,White,S,True
SKU002605,PROD0166,White,M,True
SKU002606,PROD0166,White,L,True
SKU002607,PROD0167,White,S,True
SKU002608,PROD0167,White,M,True
SKU002609,PROD0167,White,L,True
SKU002610,PROD0167,Grey,S,True
SKU002611,PROD0167,Grey,M,True
SKU002612,PROD0167,Grey,L,True
SKU002613,PROD0167,Orange,S,True
SKU002614,PROD0167,Orange,M,True
SKU002615,PROD0167,Orange,L,True
SKU002616,PROD0168,Navy,S,True
SKU002617,PROD0168,Navy,M,True
SKU002618,PROD0168,Navy,L,True
SKU002619,PROD0168,Orange,S,True
SKU002620,PROD0168,Orange,M,True
SKU002621,PROD0168,Orange,L,True
SKU002622,PROD0169,Black,S,True
SKU002623,PROD0169,Black,M,True
SKU002624,PROD0169,Black,L,True
SKU002625,PROD0169,Green,S,True
SKU002626,PROD0169,Green,M,True
SKU002627,PROD0169,Green,L,True
SKU002628,PROD0170,Black,S,True
SKU002629,PROD0170,Black,M,True
SKU002630,PROD0170,Black,L,True
SKU002631,PROD0170,Beige,S,True
SKU002632,PROD0170,Beige,M,True
SKU002633,PROD0170,Beige,L,True
SKU002634,PROD0171,Black,S,True
SKU002635,PROD0171,Black,M,True
SKU002636,PROD0171,Black,L,True
SKU002637,PROD0171,White,S,True
SKU002638,PROD0171,White,M,True
SKU002639,PROD0171,White,L,True
SKU002640,PROD0172,Red,S,True
SKU002641,PROD0172,Red,M,True
SKU002642,PROD0172,Red,L,True
SKU002643,PROD0172,Beige,S,True
SKU002644,PROD0172,Beige,M,True
SKU002645,PROD0172,Beige,L,True
SKU002646,PROD0172,Black,S,True
SKU002647,PROD0172,Black,M,True
SKU002648,PROD0172,Black,L,True
SKU002649,PROD0172,White,S,True
SKU002650,PROD0172,White,M,True
SKU002651,PROD0172,White,L,True
SKU002652,PROD0173,Navy,S,True
SKU002653,PROD0173,Navy,M,True
SKU002654,PROD0173,Navy,L,True
SKU002655,PROD0173,Black,S,True
SKU002656,PROD0173,Black,M,True
SKU002657,PROD0173,Black,L,True
SKU002658,PROD0173,Grey,S,True
SKU002659,PROD0173,Grey,M,True
SKU002660,PROD0173,Grey,L,True
SKU002661,PROD0174,Orange,S,True
SKU002662,PROD0174,Orange,M,True
SKU002663,PROD0174,Orange,L,True
SKU002664,PROD0174,Black,S,True
SKU002665,PROD0174,Black,M,True
SKU002666,PROD0174,Black,L,True
SKU002667,PROD0175,Green,S,True
SKU002668,PROD0175,Green,M,True
SKU002669,PROD0175,Green,L,True
SKU002670,PROD0175,Navy,S,True
SKU002671,PROD0175,Navy,M,True
SKU002672,PROD0175,Navy,L,True
SKU002673,PROD0175,Grey,S,True
SKU002674,PROD0175,Grey,M,True
SKU002675,PROD0175,Grey,L,True
SKU002676,PROD0176,Blue,S,True
SKU002677,PROD0176,Blue,M,True
SKU002678,PROD0176,Blue,L,True
SKU002679,PROD0176,Beige,S,True
SKU002680,PROD0176,Beige,M,True
SKU002681,PROD0176,Beige,L,True
SKU002682,PROD0176,Black,S,True
SKU002683,PROD0176,Black,M,True
SKU002684,PROD0176,Black,L,True
SKU002685,PROD0177,Navy,S,True
SKU002686,PROD0177,Navy,M,True
SKU002687,PROD0177,Navy,L,True
SKU002688,PROD0177,Grey,S,True
SKU002689,PROD0177,Grey,M,True
SKU002690,PROD0177,Grey,L,True
SKU002691,PROD0177,Beige,S,True
SKU002692,PROD0177,Beige,M,True
SKU002693,PROD0177,Beige,L,True
SKU002694,PROD0178,Navy,S,True
SKU002695,PROD0178,Navy,M,True
SKU002696,PROD0178,Navy,L,True
SKU002697,PROD0178,Beige,S,True
SKU002698,PROD0178,Beige,M,True
SKU002699,PROD0178,Beige,L,True
SKU002700,PROD0179,Navy,XS/S,True
SKU002701,PROD0179,Navy,M/L,True
SKU002702,PROD0179,Navy,XL,True
SKU002703,PROD0179,Black,XS/S,True
SKU002704,PROD0179,Black,M/L,True
SKU002705,PROD0179,Black,XL,True
SKU002706,PROD0180,Grey,XS/S,True
SKU002707,PROD0180,Grey,M/L,True
SKU002708,PROD0180,Grey,XL,True
SKU002709,PROD0180,Black,XS/S,True
SKU002710,PROD0180,Black,M/L,True
SKU002711,PROD0180,Black,XL,True
SKU002712,PROD0181,White,XS/S,True
SKU002713,PROD0181,White,M/L,True
SKU002714,PROD0181,White,XL,True
SKU002715,PROD0181,Blue,XS/S,True
SKU002716,PROD0181,Blue,M/L,True
SKU002717,PROD0181,Blue,XL,True
SKU002718,PROD0182,Red,XS/S,True
SKU002719,PROD0182,Red,M/L,True
SKU002720,PROD0182,Red,XL,True
SKU002721,PROD0182,Black,XS/S,True
SKU002722,PROD0182,Black,M/L,True
SKU002723,PROD0182,Black,XL,True
SKU002724,PROD0182,Grey,XS/S,True
SKU002725,PROD0182,Grey,M/L,True
SKU002726,PROD0182,Grey,XL,True
SKU002727,PROD0183,Brown,XS/S,True
SKU002728,PROD0183,Brown,M/L,True
SKU002729,PROD0183,Brown,XL,True
SKU002730,PROD0183,Blue,XS/S,True
SKU002731,PROD0183,Blue,M/L,True
SKU002732,PROD0183,Blue,XL,True
SKU002733,PROD0183,Grey,XS/S,True
SKU002734,PROD0183,Grey,M/L,True
SKU002735,PROD0183,Grey,XL,True
SKU002736,PROD0184,Beige,XS/S,True
SKU002737,PROD0184,Beige,M/L,True
SKU002738,PROD0184,Beige,XL,True
SKU002739,PROD0184,Black,XS/S,True
SKU002740,PROD0184,Black,M/L,True
SKU002741,PROD0184,Black,XL,True
SKU002742,PROD0184,Red,XS/S,True
SKU002743,PROD0184,Red,M/L,True
SKU002744,PROD0184,Red,XL,True
SKU002745,PROD0185,Navy,XS/S,True
SKU002746,PROD0185,Navy,M/L,True
SKU002747,PROD0185,Navy,XL,True
SKU002748,PROD0185,White,XS/S,True
SKU002749,PROD0185,White,M/L,True
SKU002750,PROD0185,White,XL,True
SKU002751,PROD0185,Black,XS/S,True
SKU002752,PROD0185,Black,M/L,True
SKU002753,PROD0185,Black,XL,True
SKU002754,PROD0186,White,XS/S,True
SKU002755,PROD0186,White,M/L,True
SKU002756,PROD0186,White,XL,True
SKU002757,PROD0186,Beige,XS/S,True
SKU002758,PROD0186,Beige,M/L,True
SKU002759,PROD0186,Beige,XL,True
SKU002760,PROD0186,Black,XS/S,True
SKU002761,PROD0186,Black,M/L,True
SKU002762,PROD0186,Black,XL,True
SKU002763,PROD0187,Green,XS/S,True
SKU002764,PROD0187,Green,M/L,True
SKU002765,PROD0187,Green,XL,True
SKU002766,PROD0187,Black,XS/S,True
SKU002767,PROD0187,Black,M/L,True
SKU002768,PROD0187,Black,XL,True
SKU002769,PROD0187,Navy,XS/S,True
SKU002770,PROD0187,Navy,M/L,True
SKU002771,PROD0187,Navy,XL,True
SKU002772,PROD0187,Blue,XS/S,True
SKU002773,PROD0187,Blue,M/L,True
SKU002774,PROD0187,Blue,XL,True
SKU002775,PROD0188,Green,XS/S,True
SKU002776,PROD0188,Green,M/L,True
SKU002777,PROD0188,Green,XL,True
SKU002778,PROD0188,Blue,XS/S,True
SKU002779,PROD0188,Blue,M/L,True
SKU002780,PROD0188,Blue,XL,True
SKU002781,PROD0189,Orange,XS/S,True
SKU002782,PROD0189,Orange,M/L,True
SKU002783,PROD0189,Orange,XL,True
SKU002784,PROD0189,Black,XS/S,True
SKU002785,PROD0189,Black,M/L,True
SKU002786,PROD0189,Black,XL,True
SKU002787,PROD0189,White,XS/S,True
SKU002788,PROD0189,White,M/L,True
SKU002789,PROD0189,White,XL,True
SKU002790,PROD0190,White,XS/S,True
SKU002791,PROD0190,White,M/L,True
SKU002792,PROD0190,White,XL,True
SKU002793,PROD0190,Brown,XS/S,True
SKU002794,PROD0190,Brown,M/L,True
SKU002795,PROD0190,Brown,XL,True
SKU002796,PROD0191,Brown,ONE_SIZE,True
SKU002797,PROD0191,White,ONE_SIZE,True
SKU002798,PROD0192,Black,ONE_SIZE,True
SKU002799,PROD0192,Navy,ONE_SIZE,True
SKU002800,PROD0192,Green,ONE_SIZE,True
SKU002801,PROD0193,Black,ONE_SIZE,True
SKU002802,PROD0193,White,ONE_SIZE,True
SKU002803,PROD0194,Black,ONE_SIZE,True
SKU002804,PROD0194,Green,ONE_SIZE,True
SKU002805,PROD0194,Navy,ONE_SIZE,True
SKU002806,PROD0195,White,ONE_SIZE,True
SKU002807,PROD0195,Black,ONE_SIZE,True
SKU002808,PROD0195,Grey,ONE_SIZE,True
SKU002809,PROD0195,Beige,ONE_SIZE,True
SKU002810,PROD0196,Beige,ONE_SIZE,True
SKU002811,PROD0196,Black,ONE_SIZE,True
SKU002812,PROD0196,Brown,ONE_SIZE,True
SKU002813,PROD0197,Green,ONE_SIZE,True
SKU002814,PROD0197,Brown,ONE_SIZE,True
SKU002815,PROD0197,Grey,ONE_SIZE,True
SKU002816,PROD0198,Black,ONE_SIZE,True
SKU002817,PROD0198,Beige,ONE_SIZE,True
SKU002818,PROD0198,White,ONE_SIZE,True
SKU002819,PROD0199,Grey,ONE_SIZE,True
SKU002820,PROD0199,Green,ONE_SIZE,True
SKU002821,PROD0200,White,ONE_SIZE,True
SKU002822,PROD0200,Blue,ONE_SIZE,True
SKU002823,PROD0200,Black,ONE_SIZE,True
